bin_id,bin_range,rank_in_bin,file,func,line,complexity_score,vulnerability_score
0,1-1,1,/home/arpan/Documents/CBMC/libxslt/libxslt/xslt.c,xsltFreeStylesheet,931,1,37
0,1-1,2,/home/arpan/Documents/CBMC/libxslt/libxslt/transform.c,xsltRunStylesheetUser,6430,1,21
0,1-1,3,/home/arpan/Documents/CBMC/libxslt/libexslt/date.c,_exsltDateTruncateDate,1386,1,16
0,1-1,4,/home/arpan/Documents/CBMC/libxslt/libexslt/date.c,_exsltDateAddDuration,1753,1,16
0,1-1,5,/home/arpan/Documents/CBMC/libxslt/libexslt/date.c,exsltDateSumFunction,2799,1,15
0,1-1,6,/home/arpan/Documents/CBMC/libxslt/libxslt/preproc.c,xsltFreeStylePreComp,381,1,15
0,1-1,7,/home/arpan/Documents/CBMC/libxslt/libxslt/xslt.c,xsltFreeTemplate,410,1,15
0,1-1,8,/home/arpan/Documents/CBMC/libxslt/libexslt/math.c,exsltMathConstantFunction,440,1,14
0,1-1,9,/home/arpan/Documents/CBMC/libxslt/libxslt/extensions.c,xsltRegisterExtModuleElement,1621,1,14
0,1-1,10,/home/arpan/Documents/CBMC/libxslt/libxslt/keys.c,xsltFreeKeyDef,81,1,14
0,1-1,11,/home/arpan/Documents/CBMC/libxslt/libexslt/date.c,exsltDateAddFunction,3569,1,12
0,1-1,12,/home/arpan/Documents/CBMC/libxslt/libexslt/date.c,exsltDateAddDurationFunction,3606,1,12
0,1-1,13,/home/arpan/Documents/CBMC/libxslt/libexslt/date.c,exsltDateDifferenceFunction,3643,1,12
0,1-1,14,/home/arpan/Documents/CBMC/libxslt/libexslt/dynamic.c,exsltDynMapFunction,97,1,12
0,1-1,15,/home/arpan/Documents/CBMC/libxslt/libexslt/math.c,exsltMathMinFunction,68,1,12
0,1-1,16,/home/arpan/Documents/CBMC/libxslt/libexslt/sets.c,exsltSetsHasSameNodesFunction,142,1,12
0,1-1,17,/home/arpan/Documents/CBMC/libxslt/libxslt/extensions.c,xsltRegisterExtFunction,587,1,12
0,1-1,18,/home/arpan/Documents/CBMC/libxslt/libxslt/extensions.c,xsltRegisterExtElement,621,1,12
0,1-1,19,/home/arpan/Documents/CBMC/libxslt/libxslt/extensions.c,xsltCleanupGlobals,2274,1,12
0,1-1,20,/home/arpan/Documents/CBMC/libxslt/libxslt/pattern.c,xsltFreeTemplateHashes,2535,1,12
0,1-1,21,/home/arpan/Documents/CBMC/libxslt/libxslt/transform.c,xsltApplyStylesheetUser,6392,1,12
0,1-1,22,/home/arpan/Documents/CBMC/libxslt/libexslt/date.c,exsltDateCreateDate,658,1,11
0,1-1,23,/home/arpan/Documents/CBMC/libxslt/libexslt/functions.c,exsltFuncRegisterFunc,74,1,11
0,1-1,24,/home/arpan/Documents/CBMC/libxslt/libexslt/math.c,exsltMathMaxFunction,137,1,11
0,1-1,25,/home/arpan/Documents/CBMC/libxslt/libxslt/preproc.c,xsltCallTemplateComp,1552,1,11
0,1-1,26,/home/arpan/Documents/CBMC/libxslt/libexslt/sets.c,exsltSetsDifferenceFunction,28,1,10
0,1-1,27,/home/arpan/Documents/CBMC/libxslt/libexslt/sets.c,exsltSetsIntersectionFunction,65,1,10
0,1-1,28,/home/arpan/Documents/CBMC/libxslt/libexslt/sets.c,exsltSetsLeadingFunction,180,1,10
0,1-1,29,/home/arpan/Documents/CBMC/libxslt/libexslt/sets.c,exsltSetsTrailingFunction,227,1,10
0,1-1,30,/home/arpan/Documents/CBMC/libxslt/libexslt/strings.c,exsltStrConcatFunction,471,1,10
0,1-1,31,/home/arpan/Documents/CBMC/libxslt/libxslt/extensions.c,xsltRegisterExtModuleFunction,1387,1,10
0,1-1,32,/home/arpan/Documents/CBMC/libxslt/libxslt/extensions.c,xsltRegisterExtModuleTopLevel,1823,1,10
0,1-1,33,/home/arpan/Documents/CBMC/libxslt/libxslt/keys.c,xsltNewKeyTable,129,1,10
0,1-1,34,/home/arpan/Documents/CBMC/libxslt/libxslt/variables.c,xsltVariableLookup,1885,1,10
0,1-1,35,/home/arpan/Documents/CBMC/libxslt/libexslt/dynamic.c,exsltDynEvaluateFunction,54,1,9
0,1-1,36,/home/arpan/Documents/CBMC/libxslt/libexslt/exslt.c,exsltRegisterAll,26,1,9
0,1-1,37,/home/arpan/Documents/CBMC/libxslt/libexslt/math.c,exsltMathHighestFunction,218,1,9
0,1-1,38,/home/arpan/Documents/CBMC/libxslt/libexslt/math.c,exsltMathLowestFunction,298,1,9
0,1-1,39,/home/arpan/Documents/CBMC/libxslt/libexslt/saxon.c,exsltSaxonEvalFunction,133,1,9
0,1-1,40,/home/arpan/Documents/CBMC/libxslt/libexslt/sets.c,exsltSetsDistinctFunction,101,1,9
0,1-1,41,/home/arpan/Documents/CBMC/libxslt/libxslt/extensions.c,xsltNewExtDef,107,1,9
0,1-1,42,/home/arpan/Documents/CBMC/libxslt/libxslt/extensions.c,xsltShutdownCtxtExt,1055,1,9
0,1-1,43,/home/arpan/Documents/CBMC/libxslt/libxslt/extensions.c,xsltShutdownExt,1101,1,9
0,1-1,44,/home/arpan/Documents/CBMC/libxslt/libxslt/keys.c,xsltNewKeyDef,56,1,9
0,1-1,45,/home/arpan/Documents/CBMC/libxslt/libxslt/numbers.c,xsltNumberFormatGetMultipleLevel,613,1,9
0,1-1,46,/home/arpan/Documents/CBMC/libxslt/libxslt/preproc.c,xsltCopyComp,784,1,9
0,1-1,47,/home/arpan/Documents/CBMC/libxslt/libxslt/transform.c,xsltProcessOneNode,2030,1,9
0,1-1,48,/home/arpan/Documents/CBMC/libxslt/libxslt/transform.c,xsltNumber,4579,1,9
0,1-1,49,/home/arpan/Documents/CBMC/libxslt/libxslt/variables.c,xsltBuildVariable,1730,1,9
0,1-1,50,/home/arpan/Documents/CBMC/libxslt/libxslt/xsltutils.c,xslHandleDebugger,2447,1,9
0,1-1,51,/home/arpan/Documents/CBMC/libxslt/libexslt/date.c,exsltDateAddDuration,2747,1,8
0,1-1,52,/home/arpan/Documents/CBMC/libxslt/libexslt/date.c,exsltDateDuration,3057,1,8
0,1-1,53,/home/arpan/Documents/CBMC/libxslt/libexslt/functions.c,exsltFreeFuncResultPreComp,259,1,8
0,1-1,54,/home/arpan/Documents/CBMC/libxslt/libexslt/saxon.c,exsltSaxonEvaluateFunction,172,1,8
0,1-1,55,/home/arpan/Documents/CBMC/libxslt/libxslt/attrvt.c,xsltFreeAttrVT,95,1,8
0,1-1,56,/home/arpan/Documents/CBMC/libxslt/libxslt/extensions.c,xsltPreComputeExtModuleElement,1556,1,8
0,1-1,57,/home/arpan/Documents/CBMC/libxslt/libxslt/extensions.c,xsltExtShutdownTest,2155,1,8
0,1-1,58,/home/arpan/Documents/CBMC/libxslt/libxslt/functions.c,xsltCurrentFunction,952,1,8
0,1-1,59,/home/arpan/Documents/CBMC/libxslt/libxslt/keys.c,xsltFreeKeyTable,154,1,8
0,1-1,60,/home/arpan/Documents/CBMC/libxslt/libxslt/pattern.c,xsltCompilePattern,2048,1,8
0,1-1,61,/home/arpan/Documents/CBMC/libxslt/libxslt/preproc.c,xsltCommentComp,1101,1,8
0,1-1,62,/home/arpan/Documents/CBMC/libxslt/libxslt/preproc.c,xsltProcessingInstructionComp,1131,1,8
0,1-1,63,/home/arpan/Documents/CBMC/libxslt/libxslt/preproc.c,xsltApplyImportsComp,1522,1,8
0,1-1,64,/home/arpan/Documents/CBMC/libxslt/libxslt/preproc.c,xsltChooseComp,1643,1,8
0,1-1,65,/home/arpan/Documents/CBMC/libxslt/python/libxslt.c,libxslt_xsltRegisterExtModuleElement,350,1,8
0,1-1,66,/home/arpan/Documents/CBMC/libxslt/libxslt/attributes.c,xsltNewAttrElem,109,1,7
0,1-1,67,/home/arpan/Documents/CBMC/libxslt/libxslt/attributes.c,xsltAttribute,1021,1,7
0,1-1,68,/home/arpan/Documents/CBMC/libxslt/libxslt/extensions.c,xsltFreeExtDef,132,1,7
0,1-1,69,/home/arpan/Documents/CBMC/libxslt/libxslt/extensions.c,xsltNewElemPreComp,1500,1,7
0,1-1,70,/home/arpan/Documents/CBMC/libxslt/libxslt/keys.c,xsltFreeKeys,199,1,7
0,1-1,71,/home/arpan/Documents/CBMC/libxslt/libxslt/transform.c,templPop,154,1,7
0,1-1,72,/home/arpan/Documents/CBMC/libxslt/libxslt/transform.c,profPop,277,1,7
0,1-1,73,/home/arpan/Documents/CBMC/libxslt/libxslt/transform.c,xsltApplyImports,4612,1,7
0,1-1,74,/home/arpan/Documents/CBMC/libxslt/libxslt/variables.c,xsltParseGlobalVariable,1989,1,7
0,1-1,75,/home/arpan/Documents/CBMC/libxslt/libxslt/variables.c,xsltParseGlobalParam,2052,1,7
0,1-1,76,/home/arpan/Documents/CBMC/libxslt/libxslt/variables.c,xsltParseStylesheetVariable,2114,1,7
0,1-1,77,/home/arpan/Documents/CBMC/libxslt/libxslt/variables.c,xsltParseStylesheetParam,2156,1,7
0,1-1,78,/home/arpan/Documents/CBMC/libxslt/libxslt/xslt.c,exclPrefixPop,198,1,7
0,1-1,79,/home/arpan/Documents/CBMC/libxslt/python/libxslt.c,libxslt_xsltCompareTransformContextsEqual,115,1,7
0,1-1,80,/home/arpan/Documents/CBMC/libxslt/python/libxslt.c,libxslt_xsltCompareStylesheetsEqual,153,1,7
0,1-1,81,/home/arpan/Documents/CBMC/libxslt/python/libxslt.c,libxslt_xsltElementTransformCallback,297,1,7
0,1-1,82,/home/arpan/Documents/CBMC/libxslt/python/libxslt.c,libxslt_xsltPythonExtModuleStyleShutdown,1001,1,7
0,1-1,83,/home/arpan/Documents/CBMC/libxslt/python/libxslt.c,libxslt_xsltPythonExtModuleCtxtShutdown,1063,1,7
0,1-1,84,/home/arpan/Documents/CBMC/libxslt/python/libxslt.c,libxslt_xsltRegisterExtensionClass,1095,1,7
0,1-1,85,/home/arpan/Documents/CBMC/libxslt/python/libxslt.c,initlibxsltmod,1181,1,7
0,1-1,86,/home/arpan/Documents/CBMC/libxslt/xsltproc/xsltproc.c,xsltSubtreeCheck,337,1,7
0,1-1,87,/home/arpan/Documents/CBMC/libxslt/libexslt/functions.c,exsltFuncNewFunctionData,235,1,6
0,1-1,88,/home/arpan/Documents/CBMC/libxslt/libxslt/documents.c,xsltNewStyleDocument,183,1,6
0,1-1,89,/home/arpan/Documents/CBMC/libxslt/libxslt/extensions.c,xsltNewExtModule,173,1,6
0,1-1,90,/home/arpan/Documents/CBMC/libxslt/libxslt/extensions.c,xsltUnregisterExtModule,1317,1,6
0,1-1,91,/home/arpan/Documents/CBMC/libxslt/libxslt/extensions.c,xsltUnregisterExtModuleFunction,1456,1,6
0,1-1,92,/home/arpan/Documents/CBMC/libxslt/libxslt/extensions.c,xsltUnregisterExtModuleElement,1779,1,6
0,1-1,93,/home/arpan/Documents/CBMC/libxslt/libxslt/extensions.c,xsltUnregisterExtModuleTopLevel,1891,1,6
0,1-1,94,/home/arpan/Documents/CBMC/libxslt/libxslt/pattern.c,xsltNewParserContext,252,1,6
0,1-1,95,/home/arpan/Documents/CBMC/libxslt/libxslt/pattern.c,xsltFreeParserContext,274,1,6
0,1-1,96,/home/arpan/Documents/CBMC/libxslt/libxslt/templates.c,xsltEvalStaticAttrValueTemplate,435,1,6
0,1-1,97,/home/arpan/Documents/CBMC/libxslt/libxslt/transform.c,xsltCopyTree,1707,1,6
0,1-1,98,/home/arpan/Documents/CBMC/libxslt/libxslt/transform.c,xsltRunStylesheet,6491,1,6
0,1-1,99,/home/arpan/Documents/CBMC/libxslt/libxslt/xsltlocale.c,xsltLocaleStrcmp,434,1,6
0,1-1,100,/home/arpan/Documents/CBMC/libxslt/libxslt/xsltutils.c,xslAddCall,2464,1,6
0,1-1,101,/home/arpan/Documents/CBMC/libxslt/python/libxslt.c,libxslt_xsltRegisterExtModuleFunction,463,1,6
0,1-1,102,/home/arpan/Documents/CBMC/libxslt/python/libxslt.c,libxslt_xsltSaveResultToString,810,1,6
0,1-1,103,/home/arpan/Documents/CBMC/libxslt/libexslt/date.c,exsltDateFreeDate,683,1,5
0,1-1,104,/home/arpan/Documents/CBMC/libxslt/libxslt/documents.c,xsltDocDefaultLoaderFunc,61,1,5
0,1-1,105,/home/arpan/Documents/CBMC/libxslt/libxslt/extensions.c,xsltFreeExtModule,200,1,5
0,1-1,106,/home/arpan/Documents/CBMC/libxslt/libxslt/extensions.c,xsltFreeExtData,241,1,5
0,1-1,107,/home/arpan/Documents/CBMC/libxslt/libxslt/extensions.c,xsltFreeExtElement,285,1,5
0,1-1,108,/home/arpan/Documents/CBMC/libxslt/libxslt/extensions.c,xsltFreeExts,479,1,5
0,1-1,109,/home/arpan/Documents/CBMC/libxslt/libxslt/extensions.c,xsltInitElemPreComp,1533,1,5
0,1-1,110,/home/arpan/Documents/CBMC/libxslt/libxslt/extensions.c,xsltDebugDumpExtensions,2325,1,5
0,1-1,111,/home/arpan/Documents/CBMC/libxslt/libxslt/extra.c,xsltFunctionNodeSet,131,1,5
0,1-1,112,/home/arpan/Documents/CBMC/libxslt/libxslt/keys.c,xsltFreeDocumentKeys,930,1,5
0,1-1,113,/home/arpan/Documents/CBMC/libxslt/libxslt/namespaces.c,xsltGetPlainNamespace,707,1,5
0,1-1,114,/home/arpan/Documents/CBMC/libxslt/libxslt/numbers.c,xsltUTF8Size,80,1,5
0,1-1,115,/home/arpan/Documents/CBMC/libxslt/libxslt/pattern.c,xsltNewCompMatch,144,1,5
0,1-1,116,/home/arpan/Documents/CBMC/libxslt/libxslt/security.c,xsltNewSecurityPrefs,89,1,5
0,1-1,117,/home/arpan/Documents/CBMC/libxslt/libxslt/security.c,xsltFreeSecurityPrefs,111,1,5
0,1-1,118,/home/arpan/Documents/CBMC/libxslt/libxslt/templates.c,xsltEvalXPathPredicate,57,1,5
0,1-1,119,/home/arpan/Documents/CBMC/libxslt/libxslt/transform.c,xsltGetHTMLIDs,5801,1,5
0,1-1,120,/home/arpan/Documents/CBMC/libxslt/libxslt/variables.c,xsltCopyStackElem,510,1,5
0,1-1,121,/home/arpan/Documents/CBMC/libxslt/libxslt/variables.c,xsltAddStackElemList,777,1,5
0,1-1,122,/home/arpan/Documents/CBMC/libxslt/libxslt/xslt.c,xsltNewDecimalFormat,278,1,5
0,1-1,123,/home/arpan/Documents/CBMC/libxslt/libxslt/xsltutils.c,xsltSetCtxtParseOptions,1416,1,5
0,1-1,124,/home/arpan/Documents/CBMC/libxslt/python/libxslt.c,libxslt_xsltPythonExtModuleStyleInit,972,1,5
0,1-1,125,/home/arpan/Documents/CBMC/libxslt/python/libxslt.c,libxslt_xsltPythonExtModuleCtxtInit,1033,1,5
0,1-1,126,/home/arpan/Documents/CBMC/libxslt/xsltproc/xsltproc.c,usage,499,1,5
0,1-1,127,/home/arpan/Documents/CBMC/libxslt/libexslt/strings.c,exsltStrReturnString,516,1,4
0,1-1,128,/home/arpan/Documents/CBMC/libxslt/libxslt/extensions.c,xsltNewExtData,217,1,4
0,1-1,129,/home/arpan/Documents/CBMC/libxslt/libxslt/extensions.c,xsltNewExtElement,259,1,4
0,1-1,130,/home/arpan/Documents/CBMC/libxslt/libxslt/extensions.c,xsltShutdownCtxtExts,1080,1,4
0,1-1,131,/home/arpan/Documents/CBMC/libxslt/libxslt/extensions.c,xsltShutdownExts,1133,1,4
0,1-1,132,/home/arpan/Documents/CBMC/libxslt/libxslt/extensions.c,xsltUnregisterAllExtModules,1342,1,4
0,1-1,133,/home/arpan/Documents/CBMC/libxslt/libxslt/extensions.c,xsltExtStyleShutdownTest,2206,1,4
0,1-1,134,/home/arpan/Documents/CBMC/libxslt/libxslt/pattern.c,xsltSwapTopCompMatch,369,1,4
0,1-1,135,/home/arpan/Documents/CBMC/libxslt/libxslt/security.c,xsltSetCtxtSecurityPrefs,210,1,4
0,1-1,136,/home/arpan/Documents/CBMC/libxslt/libxslt/templates.c,xsltEvalTemplateString,195,1,4
0,1-1,137,/home/arpan/Documents/CBMC/libxslt/libxslt/templates.c,xsltEvalAttrValueTemplate,389,1,4
0,1-1,138,/home/arpan/Documents/CBMC/libxslt/libxslt/transform.c,xsltTransformCacheCreate,402,1,4
0,1-1,139,/home/arpan/Documents/CBMC/libxslt/libxslt/transform.c,xsltAddChild,686,1,4
0,1-1,140,/home/arpan/Documents/CBMC/libxslt/libxslt/transform.c,xsltProfileStylesheet,6368,1,4
0,1-1,141,/home/arpan/Documents/CBMC/libxslt/libxslt/variables.c,xsltRegisterPersistRVT,390,1,4
0,1-1,142,/home/arpan/Documents/CBMC/libxslt/libxslt/variables.c,xsltEvalOneUserParam,1691,1,4
0,1-1,143,/home/arpan/Documents/CBMC/libxslt/libxslt/variables.c,xsltQuoteOneUserParam,1712,1,4
0,1-1,144,/home/arpan/Documents/CBMC/libxslt/libxslt/xslt.c,xsltParseContentError,125,1,4
0,1-1,145,/home/arpan/Documents/CBMC/libxslt/libxslt/xslt.c,xsltInit,229,1,4
0,1-1,146,/home/arpan/Documents/CBMC/libxslt/libxslt/xslt.c,xsltNewTemplate,389,1,4
0,1-1,147,/home/arpan/Documents/CBMC/libxslt/libxslt/xslt.c,xsltParseStylesheetDoc,6675,1,4
0,1-1,148,/home/arpan/Documents/CBMC/libxslt/libxslt/xsltutils.c,xsltSetGenericErrorFunc,552,1,4
0,1-1,149,/home/arpan/Documents/CBMC/libxslt/libxslt/xsltutils.c,xsltSetGenericDebugFunc,598,1,4
0,1-1,150,/home/arpan/Documents/CBMC/libxslt/libxslt/xsltutils.c,xsltXPathCompileFlags,2287,1,4
0,1-1,151,/home/arpan/Documents/CBMC/libxslt/libxslt/xsltutils.c,xsltSetDebuggerCallbacks,2421,1,4
0,1-1,152,/home/arpan/Documents/CBMC/libxslt/python/libxslt.c,libxslt_xsltNewTransformContext,621,1,4
0,1-1,153,/home/arpan/Documents/CBMC/libxslt/python/libxslt.c,libxslt_xsltPythonCleanup,1147,1,4
0,1-1,154,/home/arpan/Documents/CBMC/libxslt/python/types.c,libxml_charPtrWrap,53,1,4
0,1-1,155,/home/arpan/Documents/CBMC/libxslt/doc/tutorial2/libxslt_pipes.c,usage,32,1,3
0,1-1,156,/home/arpan/Documents/CBMC/libxslt/libexslt/date.c,exsltDateXpathCtxtRegister,3802,1,3
0,1-1,157,/home/arpan/Documents/CBMC/libxslt/libexslt/math.c,exsltMathXpathCtxtRegister,1116,1,3
0,1-1,158,/home/arpan/Documents/CBMC/libxslt/libexslt/sets.c,exsltSetsXpathCtxtRegister,300,1,3
0,1-1,159,/home/arpan/Documents/CBMC/libxslt/libexslt/strings.c,exsltStrXpathCtxtRegister,815,1,3
0,1-1,160,/home/arpan/Documents/CBMC/libxslt/libxslt/attributes.c,xsltFreeAttrElem,130,1,3
0,1-1,161,/home/arpan/Documents/CBMC/libxslt/libxslt/documents.c,xsltSetLoaderFunc,121,1,3
0,1-1,162,/home/arpan/Documents/CBMC/libxslt/libxslt/extensions.c,xsltRegisterExtModule,1300,1,3
0,1-1,163,/home/arpan/Documents/CBMC/libxslt/libxslt/extensions.c,xsltDebugDumpExtensionsCallback,2297,1,3
0,1-1,164,/home/arpan/Documents/CBMC/libxslt/libxslt/extensions.c,xsltDebugDumpExtModulesCallback,2308,1,3
0,1-1,165,/home/arpan/Documents/CBMC/libxslt/libxslt/functions.c,xsltXPathFunctionLookup,68,1,3
0,1-1,166,/home/arpan/Documents/CBMC/libxslt/libxslt/transform.c,xsltSort,3789,1,3
0,1-1,167,/home/arpan/Documents/CBMC/libxslt/libxslt/transform.c,xsltApplyStylesheet,6349,1,3
0,1-1,168,/home/arpan/Documents/CBMC/libxslt/libxslt/variables.c,xsltParseStylesheetCallerParam,1927,1,3
0,1-1,169,/home/arpan/Documents/CBMC/libxslt/libxslt/xsltutils.c,xsltGenericErrorDefaultFunc,523,1,3
0,1-1,170,/home/arpan/Documents/CBMC/libxslt/libxslt/xsltutils.c,xsltGenericDebugDefaultFunc,569,1,3
0,1-1,171,/home/arpan/Documents/CBMC/libxslt/libxslt/xsltutils.c,xsltSetTransformErrorFunc,690,1,3
0,1-1,172,/home/arpan/Documents/CBMC/libxslt/libxslt/xsltutils.c,xsltSetSortFunc,1377,1,3
0,1-1,173,/home/arpan/Documents/CBMC/libxslt/libxslt/xsltutils.c,xsltXPathCompile,2352,1,3
0,1-1,174,/home/arpan/Documents/CBMC/libxslt/libxslt/xsltutils.c,xslDropCall,2477,1,3
0,1-1,175,/home/arpan/Documents/CBMC/libxslt/python/libxslt.c,libxslt_xsltFreeTransformContext,642,1,3
0,1-1,176,/home/arpan/Documents/CBMC/libxslt/python/libxslt.c,libxslt_xsltRegisterErrorHandler,928,1,3
0,1-1,177,/home/arpan/Documents/CBMC/libxslt/python/types.c,libxml_xmlCharPtrWrap,88,1,3
0,1-1,178,/home/arpan/Documents/CBMC/libxslt/libexslt/functions.c,exsltFuncStyleInit,206,1,2
0,1-1,179,/home/arpan/Documents/CBMC/libxslt/libexslt/saxon.c,exsltSaxonInit,33,1,2
0,1-1,180,/home/arpan/Documents/CBMC/libxslt/libxslt/extensions.c,xsltUnregisterAllExtModuleFunction,1478,1,2
0,1-1,181,/home/arpan/Documents/CBMC/libxslt/libxslt/extensions.c,xsltUnregisterAllExtModuleElement,1802,1,2
0,1-1,182,/home/arpan/Documents/CBMC/libxslt/libxslt/extensions.c,xsltUnregisterAllExtModuleTopLevel,1913,1,2
0,1-1,183,/home/arpan/Documents/CBMC/libxslt/libxslt/extensions.c,xsltExtStyleInitTest,2182,1,2
0,1-1,184,/home/arpan/Documents/CBMC/libxslt/libxslt/extensions.c,xsltInitGlobals,2261,1,2
0,1-1,185,/home/arpan/Documents/CBMC/libxslt/libxslt/extra.c,xsltRegisterExtras,287,1,2
0,1-1,186,/home/arpan/Documents/CBMC/libxslt/libxslt/imports.c,xsltFixImportedCompSteps,65,1,2
0,1-1,187,/home/arpan/Documents/CBMC/libxslt/libxslt/templates.c,xsltEvalXPathString,177,1,2
0,1-1,188,/home/arpan/Documents/CBMC/libxslt/libxslt/templates.c,xsltAttrTemplateValueProcess,369,1,2
0,1-1,189,/home/arpan/Documents/CBMC/libxslt/libxslt/xsltlocale.c,xsltStrxfrm,371,1,2
0,1-1,190,/home/arpan/Documents/CBMC/libxslt/libxslt/xsltutils.c,xsltSetCtxtSortFunc,1395,1,2
0,1-1,191,/home/arpan/Documents/CBMC/libxslt/python/libxslt.c,libxslt_xsltStylesheetPtrWrap,48,1,2
0,1-1,192,/home/arpan/Documents/CBMC/libxslt/python/libxslt.c,libxslt_xsltTransformContextPtrWrap,65,1,2
0,1-1,193,/home/arpan/Documents/CBMC/libxslt/python/libxslt.c,libxslt_xsltElemPreCompPtrWrap,81,1,2
0,1-1,194,/home/arpan/Documents/CBMC/libxslt/python/libxslt.c,deallocateCallback,182,1,2
0,1-1,195,/home/arpan/Documents/CBMC/libxslt/python/libxslt.c,deallocateClasse,193,1,2
0,1-1,196,/home/arpan/Documents/CBMC/libxslt/python/libxslt.c,libxslt_xsltSetLoaderFunc,590,1,2
0,1-1,197,/home/arpan/Documents/CBMC/libxslt/python/types.c,libxml_charPtrConstWrap,71,1,2
0,1-1,198,/home/arpan/Documents/CBMC/libxslt/python/types.c,libxml_xmlCharPtrConstWrap,106,1,2
0,1-1,199,/home/arpan/Documents/CBMC/libxslt/python/types.c,libxml_constcharPtrWrap,123,1,2
0,1-1,200,/home/arpan/Documents/CBMC/libxslt/python/types.c,libxml_constxmlCharPtrWrap,140,1,2
0,1-1,201,/home/arpan/Documents/CBMC/libxslt/python/types.c,libxml_xmlDocPtrWrap,157,1,2
0,1-1,202,/home/arpan/Documents/CBMC/libxslt/python/types.c,libxml_xmlNodePtrWrap,176,1,2
0,1-1,203,/home/arpan/Documents/CBMC/libxslt/python/types.c,libxml_xmlURIPtrWrap,194,1,2
0,1-1,204,/home/arpan/Documents/CBMC/libxslt/python/types.c,libxml_xmlNsPtrWrap,212,1,2
0,1-1,205,/home/arpan/Documents/CBMC/libxslt/python/types.c,libxml_xmlAttrPtrWrap,230,1,2
0,1-1,206,/home/arpan/Documents/CBMC/libxslt/python/types.c,libxml_xmlAttributePtrWrap,248,1,2
0,1-1,207,/home/arpan/Documents/CBMC/libxslt/python/types.c,libxml_xmlElementPtrWrap,266,1,2
0,1-1,208,/home/arpan/Documents/CBMC/libxslt/python/types.c,libxml_xmlXPathContextPtrWrap,284,1,2
0,1-1,209,/home/arpan/Documents/CBMC/libxslt/python/types.c,libxml_xmlXPathParserContextPtrWrap,302,1,2
0,1-1,210,/home/arpan/Documents/CBMC/libxslt/python/types.c,libxml_xmlParserCtxtPtrWrap,320,1,2
0,1-1,211,/home/arpan/Documents/CBMC/libxslt/python/types.c,libxml_xmlXPathDestructNsNode,348,1,2
0,1-1,212,/home/arpan/Documents/CBMC/libxslt/python/types.c,libxml_xmlXPathObjectPtrConvert,443,1,2
0,1-1,213,/home/arpan/Documents/CBMC/libxslt/python/types.c,libxml_xmlCatalogPtrWrap,533,1,2
0,1-1,214,/home/arpan/Documents/CBMC/libxslt/python/types.c,libxml_xmlOutputBufferPtrWrap,551,1,2
0,1-1,215,/home/arpan/Documents/CBMC/libxslt/python/types.c,libxml_xmlParserInputBufferPtrWrap,569,1,2
0,1-1,216,/home/arpan/Documents/CBMC/libxslt/python/types.c,libxml_xmlRegexpPtrWrap,587,1,2
0,1-1,217,/home/arpan/Documents/CBMC/libxslt/xsltproc/testThreads.c,main,268,1,2
0,1-1,218,/home/arpan/Documents/CBMC/libxslt/libexslt/functions.c,exsltFuncShutdown,187,1,1
0,1-1,219,/home/arpan/Documents/CBMC/libxslt/libexslt/functions.c,exsltFuncStyleShutdown,221,1,1
0,1-1,220,/home/arpan/Documents/CBMC/libxslt/libexslt/saxon.c,exsltSaxonShutdown,47,1,1
0,1-1,221,/home/arpan/Documents/CBMC/libxslt/libxslt/attributes.c,xsltFreeAttributeSetsHashes,1134,1,1
0,1-1,222,/home/arpan/Documents/CBMC/libxslt/libxslt/extensions.c,xsltExtModuleRegisterDynamic,459,1,1
0,1-1,223,/home/arpan/Documents/CBMC/libxslt/libxslt/extensions.c,xsltFreeCtxtExts,642,1,1
0,1-1,224,/home/arpan/Documents/CBMC/libxslt/libxslt/extensions.c,xsltXPathGetTransformContext,1369,1,1
0,1-1,225,/home/arpan/Documents/CBMC/libxslt/libxslt/extensions.c,xsltRegisterTestModule,2229,1,1
0,1-1,226,/home/arpan/Documents/CBMC/libxslt/libxslt/extensions.c,xsltHashScannerModuleFree,2246,1,1
0,1-1,227,/home/arpan/Documents/CBMC/libxslt/libxslt/functions.c,xsltRegisterAllFunctions,984,1,1
0,1-1,228,/home/arpan/Documents/CBMC/libxslt/libxslt/namespaces.c,xsltCopyNamespace,825,1,1
0,1-1,229,/home/arpan/Documents/CBMC/libxslt/libxslt/namespaces.c,xsltFreeNamespaceAliasHashes,847,1,1
0,1-1,230,/home/arpan/Documents/CBMC/libxslt/libxslt/pattern.c,xsltCleanupTemplates,2525,1,1
0,1-1,231,/home/arpan/Documents/CBMC/libxslt/libxslt/security.c,xsltSetDefaultSecurityPrefs,183,1,1
0,1-1,232,/home/arpan/Documents/CBMC/libxslt/libxslt/security.c,xsltSecurityAllow,230,1,1
0,1-1,233,/home/arpan/Documents/CBMC/libxslt/libxslt/security.c,xsltSecurityForbid,247,1,1
0,1-1,234,/home/arpan/Documents/CBMC/libxslt/libxslt/security.c,xsltCheckFilename,278,1,1
0,1-1,235,/home/arpan/Documents/CBMC/libxslt/libxslt/templates.c,xsltTemplateProcess,836,1,1
0,1-1,236,/home/arpan/Documents/CBMC/libxslt/libxslt/transform.c,xsltSetXIncludeDefault,356,1,1
0,1-1,237,/home/arpan/Documents/CBMC/libxslt/libxslt/transform.c,xsltDebugSetDefaultTrace,380,1,1
0,1-1,238,/home/arpan/Documents/CBMC/libxslt/libxslt/transform.c,xsltRegisterAllElement,6506,1,1
0,1-1,239,/home/arpan/Documents/CBMC/libxslt/libxslt/variables.c,xsltFreeGlobalVariables,2192,1,1
0,1-1,240,/home/arpan/Documents/CBMC/libxslt/libxslt/xslt.c,xsltAllocateExtra,788,1,1
0,1-1,241,/home/arpan/Documents/CBMC/libxslt/libxslt/xslt.c,xsltCleanupStylesheetTree,876,1,1
0,1-1,242,/home/arpan/Documents/CBMC/libxslt/libxslt/xsltlocale.c,xsltNewLocale,94,1,1
0,1-1,243,/home/arpan/Documents/CBMC/libxslt/libxslt/xsltlocale.c,xsltFreeLocale,354,1,1
0,1-1,244,/home/arpan/Documents/CBMC/libxslt/libxslt/xsltutils.c,xsltCalibrateAdjust,1827,1,1
0,1-1,245,/home/arpan/Documents/CBMC/libxslt/libxslt/xsltutils.c,xsltSetDebuggerStatus,2391,1,1
0,1-1,246,/home/arpan/Documents/CBMC/libxslt/python/libxslt.c,libxslt_xsltGetTransformContextHashCode,97,1,1
0,1-1,247,/home/arpan/Documents/CBMC/libxslt/python/libxslt.c,libxslt_xsltGetStylesheetHashCode,134,1,1
0,1-1,248,/home/arpan/Documents/CBMC/libxslt/python/types.c,libxml_intWrap,17,1,1
0,1-1,249,/home/arpan/Documents/CBMC/libxslt/python/types.c,libxml_longWrap,29,1,1
0,1-1,250,/home/arpan/Documents/CBMC/libxslt/python/types.c,libxml_doubleWrap,41,1,1
0,1-1,251,/home/arpan/Documents/CBMC/libxslt/xsltproc/xsltproc.c,endTimer,313,1,1
0,1-1,252,/home/arpan/Documents/CBMC/libxslt/libexslt/common.c,exsltCommonRegister,126,1,0
0,1-1,253,/home/arpan/Documents/CBMC/libxslt/libexslt/date.c,exsltDateDateTime,1786,1,0
0,1-1,254,/home/arpan/Documents/CBMC/libxslt/libexslt/date.c,exsltDateRegister,3715,1,0
0,1-1,255,/home/arpan/Documents/CBMC/libxslt/libexslt/dynamic.c,exsltDynRegister,279,1,0
0,1-1,256,/home/arpan/Documents/CBMC/libxslt/libexslt/functions.c,exsltFuncRegister,767,1,0
0,1-1,257,/home/arpan/Documents/CBMC/libxslt/libexslt/math.c,exsltMathRegister,1048,1,0
0,1-1,258,/home/arpan/Documents/CBMC/libxslt/libexslt/saxon.c,exsltSaxonRegister,277,1,0
0,1-1,259,/home/arpan/Documents/CBMC/libxslt/libexslt/sets.c,exsltSetsRegister,273,1,0
0,1-1,260,/home/arpan/Documents/CBMC/libxslt/libexslt/strings.c,exsltStrRegister,782,1,0
0,1-1,261,/home/arpan/Documents/CBMC/libxslt/libxslt/extra.c,xsltRegisterAllExtras,297,1,0
0,1-1,262,/home/arpan/Documents/CBMC/libxslt/libxslt/security.c,xsltGetDefaultSecurityPrefs,196,1,0
0,1-1,263,/home/arpan/Documents/CBMC/libxslt/libxslt/transform.c,xsltGetXIncludeDefault,368,1,0
0,1-1,264,/home/arpan/Documents/CBMC/libxslt/libxslt/transform.c,xsltDebugGetDefaultTrace,391,1,0
0,1-1,265,/home/arpan/Documents/CBMC/libxslt/libxslt/xslt.c,xsltUninit,245,1,0
0,1-1,266,/home/arpan/Documents/CBMC/libxslt/libxslt/xsltlocale.c,xsltFreeLocales,75,1,0
0,1-1,267,/home/arpan/Documents/CBMC/libxslt/libxslt/xsltutils.c,xsltTimestamp,1840,1,0
0,1-1,268,/home/arpan/Documents/CBMC/libxslt/libxslt/xsltutils.c,xsltGetDebuggerStatus,2404,1,0
0,1-1,269,/home/arpan/Documents/CBMC/libxslt/python/libxslt.c,libxslt_xsltGetLoaderFunc,606,1,0
0,1-1,270,/home/arpan/Documents/CBMC/libxslt/python/libxslt.c,libxslt_xsltErrorInitialize,918,1,0
0,1-1,271,/home/arpan/Documents/CBMC/libxslt/xsltproc/xsltproc.c,startTimer,307,1,0
1,2-2,1,/home/arpan/Documents/CBMC/libxslt/libexslt/functions.c,exsltFuncRegisterImportFunc,99,2,20
1,2-2,2,/home/arpan/Documents/CBMC/libxslt/libxslt/extensions.c,xsltInitCtxtExt,937,2,20
1,2-2,3,/home/arpan/Documents/CBMC/libxslt/libxslt/attributes.c,xsltMergeSASCallback,546,2,19
1,2-2,4,/home/arpan/Documents/CBMC/libxslt/libxslt/extensions.c,xsltStyleInitializeStylesheetModule,663,2,18
1,2-2,5,/home/arpan/Documents/CBMC/libxslt/libexslt/date.c,exsltDateNormalize,1598,2,17
1,2-2,6,/home/arpan/Documents/CBMC/libxslt/libxslt/transform.c,xsltApplyOneTemplate,3224,2,15
1,2-2,7,/home/arpan/Documents/CBMC/libxslt/libexslt/functions.c,exsltFuncResultComp,542,2,14
1,2-2,8,/home/arpan/Documents/CBMC/libxslt/libxslt/preproc.c,xsltVariableComp,1814,2,12
1,2-2,9,/home/arpan/Documents/CBMC/libxslt/libexslt/date.c,exsltDateSecondsFunction,3536,2,11
1,2-2,10,/home/arpan/Documents/CBMC/libxslt/libexslt/saxon.c,exsltSaxonExpressionFunction,78,2,9
1,2-2,11,/home/arpan/Documents/CBMC/libxslt/libxslt/preproc.c,xsltApplyTemplatesComp,1591,2,9
1,2-2,12,/home/arpan/Documents/CBMC/libxslt/libxslt/transform.c,xsltProcessingInstruction,4214,2,9
1,2-2,13,/home/arpan/Documents/CBMC/libxslt/libexslt/common.c,exsltObjectTypeFunction,78,2,8
1,2-2,14,/home/arpan/Documents/CBMC/libxslt/libxslt/attrvt.c,xsltSetAttrVTsegment,147,2,8
1,2-2,15,/home/arpan/Documents/CBMC/libxslt/libxslt/functions.c,xsltElementAvailableFunction,832,2,8
1,2-2,16,/home/arpan/Documents/CBMC/libxslt/libxslt/functions.c,xsltFunctionAvailableFunction,899,2,8
1,2-2,17,/home/arpan/Documents/CBMC/libxslt/libxslt/variables.c,xsltGlobalVariableLookup,1838,2,8
1,2-2,18,/home/arpan/Documents/CBMC/libxslt/libxslt/extensions.c,xsltExtFunctionTest,1975,2,7
1,2-2,19,/home/arpan/Documents/CBMC/libxslt/libxslt/extensions.c,xsltExtElementTest,2069,2,7
1,2-2,20,/home/arpan/Documents/CBMC/libxslt/libxslt/extensions.c,xsltExtInitTest,2121,2,7
1,2-2,21,/home/arpan/Documents/CBMC/libxslt/libxslt/transform.c,xsltComment,4170,2,7
1,2-2,22,/home/arpan/Documents/CBMC/libxslt/libxslt/variables.c,xsltNewStackElem,474,2,7
1,2-2,23,/home/arpan/Documents/CBMC/libxslt/libxslt/xslt.c,xsltNewStylesheet,737,2,7
1,2-2,24,/home/arpan/Documents/CBMC/libxslt/libxslt/xsltutils.c,xsltDoSortFunction,1360,2,7
1,2-2,25,/home/arpan/Documents/CBMC/libxslt/libxslt/documents.c,xsltNewDocument,144,2,6
1,2-2,26,/home/arpan/Documents/CBMC/libxslt/libxslt/extensions.c,xsltExtElementLookup,1666,2,6
1,2-2,27,/home/arpan/Documents/CBMC/libxslt/libxslt/extensions.c,xsltExtModuleElementLookup,1696,2,6
1,2-2,28,/home/arpan/Documents/CBMC/libxslt/libxslt/extensions.c,xsltExtModuleElementPreComputeLookup,1739,2,6
1,2-2,29,/home/arpan/Documents/CBMC/libxslt/libxslt/extensions.c,xsltExtModuleTopLevelLookup,1854,2,6
1,2-2,30,/home/arpan/Documents/CBMC/libxslt/libxslt/xslt.c,xsltParseStylesheetFile,6709,2,6
1,2-2,31,/home/arpan/Documents/CBMC/libxslt/libexslt/date.c,_exsltDateDayInWeek,1425,2,5
1,2-2,32,/home/arpan/Documents/CBMC/libxslt/libexslt/date.c,exsltDateDayName,2465,2,5
1,2-2,33,/home/arpan/Documents/CBMC/libxslt/libexslt/date.c,exsltDateDayAbbreviation,2505,2,5
1,2-2,34,/home/arpan/Documents/CBMC/libxslt/libxslt/attrvt.c,xsltNewAttrVT,63,2,5
1,2-2,35,/home/arpan/Documents/CBMC/libxslt/libxslt/extensions.c,xsltExtModuleFunctionLookup,1418,2,5
1,2-2,36,/home/arpan/Documents/CBMC/libxslt/libxslt/extensions.c,xsltGetExtInfo,1933,2,5
1,2-2,37,/home/arpan/Documents/CBMC/libxslt/libxslt/functions.c,xsltDocumentFunctionLoadDocument,105,2,5
1,2-2,38,/home/arpan/Documents/CBMC/libxslt/libxslt/functions.c,xsltUnparsedEntityURIFunction,556,2,5
1,2-2,39,/home/arpan/Documents/CBMC/libxslt/libxslt/numbers.c,xsltNumberFormatGetValue,676,2,5
1,2-2,40,/home/arpan/Documents/CBMC/libxslt/libxslt/templates.c,xsltEvalXPathStringNs,117,2,5
1,2-2,41,/home/arpan/Documents/CBMC/libxslt/libxslt/transform.c,xsltShallowCopyAttr,1035,2,5
1,2-2,42,/home/arpan/Documents/CBMC/libxslt/libxslt/numbers.c,xsltUTF8Charcmp,110,2,4
1,2-2,43,/home/arpan/Documents/CBMC/libxslt/libxslt/variables.c,xsltCreateRVT,65,2,4
1,2-2,44,/home/arpan/Documents/CBMC/libxslt/libxslt/variables.c,xsltRegisterTmpRVT,120,2,4
2,3-3,1,/home/arpan/Documents/CBMC/libxslt/libxslt/extensions.c,xsltRegisterExtModuleFull,1248,3,20
2,3-3,2,/home/arpan/Documents/CBMC/libxslt/libxslt/transform.c,xsltFreeTransformContext,621,3,18
2,3-3,3,/home/arpan/Documents/CBMC/libxslt/libexslt/date.c,exsltDateMonthNameFunction,3306,3,13
2,3-3,4,/home/arpan/Documents/CBMC/libxslt/libexslt/date.c,exsltDateMonthAbbreviationFunction,3343,3,13
2,3-3,5,/home/arpan/Documents/CBMC/libxslt/libexslt/date.c,exsltDateDayNameFunction,3434,3,13
2,3-3,6,/home/arpan/Documents/CBMC/libxslt/libexslt/date.c,exsltDateDayAbbreviationFunction,3471,3,13
2,3-3,7,/home/arpan/Documents/CBMC/libxslt/libxslt/transform.c,xsltAddTextString,712,3,13
2,3-3,8,/home/arpan/Documents/CBMC/libxslt/libxslt/preproc.c,xsltWithParamComp,1337,3,12
2,3-3,9,/home/arpan/Documents/CBMC/libxslt/libxslt/preproc.c,xsltParamComp,1893,3,12
2,3-3,10,/home/arpan/Documents/CBMC/libxslt/libexslt/date.c,exsltDateYearFunction,3201,3,11
2,3-3,11,/home/arpan/Documents/CBMC/libxslt/libexslt/date.c,exsltDateDurationFunction,3680,3,11
2,3-3,12,/home/arpan/Documents/CBMC/libxslt/libxslt/transform.c,xsltIf,5376,3,11
2,3-3,13,/home/arpan/Documents/CBMC/libxslt/libxslt/xslt.c,xsltParseStylesheetImportedDoc,6494,3,11
2,3-3,14,/home/arpan/Documents/CBMC/libxslt/libexslt/common.c,exsltNodeSetFunction,25,3,10
2,3-3,15,/home/arpan/Documents/CBMC/libxslt/libexslt/date.c,exsltDateDateFunction,3123,3,10
2,3-3,16,/home/arpan/Documents/CBMC/libxslt/libexslt/date.c,exsltDateTimeFunction,3162,3,10
2,3-3,17,/home/arpan/Documents/CBMC/libxslt/libexslt/strings.c,exsltStrEncodeUriFunction,252,3,10
2,3-3,18,/home/arpan/Documents/CBMC/libxslt/libxslt/pattern.c,xsltPatPushState,483,3,10
2,3-3,19,/home/arpan/Documents/CBMC/libxslt/libxslt/transform.c,xsltLocalVariablePush,2152,3,10
2,3-3,20,/home/arpan/Documents/CBMC/libxslt/libxslt/xsltutils.c,xsltSaveResultToFilename,1617,3,10
2,3-3,21,/home/arpan/Documents/CBMC/libxslt/libexslt/date.c,exsltDateLeapYearFunction,3235,3,9
2,3-3,22,/home/arpan/Documents/CBMC/libxslt/libexslt/functions.c,exsltFuncFunctionComp,456,3,9
2,3-3,23,/home/arpan/Documents/CBMC/libxslt/libexslt/strings.c,exsltStrDecodeUriFunction,299,3,9
2,3-3,24,/home/arpan/Documents/CBMC/libxslt/libxslt/preproc.c,xsltCopyOfComp,1165,3,9
2,3-3,25,/home/arpan/Documents/CBMC/libxslt/libxslt/preproc.c,xsltIfComp,1674,3,9
2,3-3,26,/home/arpan/Documents/CBMC/libxslt/libxslt/preproc.c,xsltWhenComp,1720,3,9
2,3-3,27,/home/arpan/Documents/CBMC/libxslt/libxslt/xsltutils.c,xsltSaveResultToFile,1661,3,9
2,3-3,28,/home/arpan/Documents/CBMC/libxslt/libxslt/xsltutils.c,xsltSaveResultToFd,1705,3,9
2,3-3,29,/home/arpan/Documents/CBMC/libxslt/libxslt/xsltutils.c,xsltSaveResultToString,1748,3,9
2,3-3,30,/home/arpan/Documents/CBMC/libxslt/libexslt/date.c,exsltDateAdd,2689,3,8
2,3-3,31,/home/arpan/Documents/CBMC/libxslt/python/libxslt.c,libxslt_xmlXPathFuncCallback,411,3,8
2,3-3,32,/home/arpan/Documents/CBMC/libxslt/libxslt/pattern.c,xsltNormalizeCompSteps,229,3,7
2,3-3,33,/home/arpan/Documents/CBMC/libxslt/libxslt/variables.c,xsltCheckStackElem,696,3,7
2,3-3,34,/home/arpan/Documents/CBMC/libxslt/libxslt/preproc.c,xsltCheckParentElement,165,3,6
2,3-3,35,/home/arpan/Documents/CBMC/libxslt/libxslt/transform.c,xsltValueOf,4465,3,6
2,3-3,36,/home/arpan/Documents/CBMC/libxslt/libxslt/xslt.c,xsltDecimalFormatGetByName,361,3,6
2,3-3,37,/home/arpan/Documents/CBMC/libxslt/libxslt/pattern.c,xsltComputeAllKeys,2235,3,5
2,3-3,38,/home/arpan/Documents/CBMC/libxslt/libxslt/preproc.c,xsltCheckTopLevelElement,72,3,5
2,3-3,39,/home/arpan/Documents/CBMC/libxslt/libxslt/xslt.c,xsltFreeDecimalFormatList,335,3,5
2,3-3,40,/home/arpan/Documents/CBMC/libxslt/libexslt/date.c,exsltDateDate,1819,3,4
2,3-3,41,/home/arpan/Documents/CBMC/libxslt/libexslt/date.c,exsltDateTime,1863,3,4
2,3-3,42,/home/arpan/Documents/CBMC/libxslt/libexslt/date.c,exsltDateDayOfWeekInMonth,2364,3,4
2,3-3,43,/home/arpan/Documents/CBMC/libxslt/libexslt/date.c,exsltDateHourInDay,2543,3,4
2,3-3,44,/home/arpan/Documents/CBMC/libxslt/libexslt/date.c,exsltDateMinuteInHour,2589,3,4
2,3-3,45,/home/arpan/Documents/CBMC/libxslt/libexslt/date.c,exsltDateSecondInMinute,2637,3,4
2,3-3,46,/home/arpan/Documents/CBMC/libxslt/libxslt/attributes.c,xsltFreeAttrElemList,141,3,4
2,3-3,47,/home/arpan/Documents/CBMC/libxslt/libxslt/attrvt.c,xsltFreeAVTList,125,3,4
2,3-3,48,/home/arpan/Documents/CBMC/libxslt/libxslt/extensions.c,xsltFreeExtDefList,150,3,4
2,3-3,49,/home/arpan/Documents/CBMC/libxslt/libxslt/keys.c,xsltFreeKeyDefList,109,3,4
2,3-3,50,/home/arpan/Documents/CBMC/libxslt/libxslt/keys.c,xsltFreeKeyTableList,175,3,4
2,3-3,51,/home/arpan/Documents/CBMC/libxslt/libxslt/pattern.c,xsltFreeCompMatchList,210,3,4
2,3-3,52,/home/arpan/Documents/CBMC/libxslt/libxslt/variables.c,xsltExtensionInstructionResultFinalize,209,3,4
2,3-3,53,/home/arpan/Documents/CBMC/libxslt/libxslt/variables.c,xsltFreeStackElemList,603,3,4
2,3-3,54,/home/arpan/Documents/CBMC/libxslt/libxslt/xslt.c,xsltFreeTemplateList,440,3,4
2,3-3,55,/home/arpan/Documents/CBMC/libxslt/libxslt/xslt.c,xsltFreeStylesheetList,854,3,4
2,3-3,56,/home/arpan/Documents/CBMC/libxslt/libxslt/xsltutils.c,xsltCalibrateTimestamps,1812,3,4
2,3-3,57,/home/arpan/Documents/CBMC/libxslt/libxslt/xsltutils.c,xsltGetQNameURI,783,3,3
3,4-4,1,/home/arpan/Documents/CBMC/libxslt/libxslt/transform.c,xsltNewTransformContext,467,4,31
3,4-4,2,/home/arpan/Documents/CBMC/libxslt/libxslt/extensions.c,xsltGetExtData,862,4,14
3,4-4,3,/home/arpan/Documents/CBMC/libxslt/libexslt/date.c,exsltDateMonthInYearFunction,3296,4,11
3,4-4,4,/home/arpan/Documents/CBMC/libxslt/libexslt/strings.c,exsltStrPaddingFunction,353,4,11
3,4-4,5,/home/arpan/Documents/CBMC/libxslt/libxslt/transform.c,xsltTransformCacheFree,417,4,11
3,4-4,6,/home/arpan/Documents/CBMC/libxslt/libxslt/variables.c,xsltFreeStackElem,536,4,11
3,4-4,7,/home/arpan/Documents/CBMC/libxslt/libxslt/xsltutils.c,xsltSplitQName,750,4,11
3,4-4,8,/home/arpan/Documents/CBMC/libxslt/libexslt/saxon.c,exsltSaxonSystemIdFunction,192,4,10
3,4-4,9,/home/arpan/Documents/CBMC/libxslt/libxslt/keys.c,xsltInitCtxtKeys,889,4,10
3,4-4,10,/home/arpan/Documents/CBMC/libxslt/libxslt/xsltutils.c,xsltMessage,439,4,10
3,4-4,11,/home/arpan/Documents/CBMC/libxslt/libexslt/strings.c,exsltStrAlignFunction,403,4,9
3,4-4,12,/home/arpan/Documents/CBMC/libxslt/libxslt/preproc.c,xsltForEachComp,1766,4,9
3,4-4,13,/home/arpan/Documents/CBMC/libxslt/libxslt/xslt.c,xsltParseStylesheetProcess,6387,4,9
3,4-4,14,/home/arpan/Documents/CBMC/libxslt/libexslt/functions.c,exsltFuncInit,144,4,8
3,4-4,15,/home/arpan/Documents/CBMC/libxslt/libxslt/extensions.c,xsltExtElementPreCompTest,2025,4,8
3,4-4,16,/home/arpan/Documents/CBMC/libxslt/libxslt/preproc.c,xsltTextComp,827,4,8
3,4-4,17,/home/arpan/Documents/CBMC/libxslt/libxslt/transform.c,templPush,118,4,8
3,4-4,18,/home/arpan/Documents/CBMC/libxslt/libxslt/transform.c,xsltTemplateParamsCleanup,213,4,8
3,4-4,19,/home/arpan/Documents/CBMC/libxslt/libxslt/transform.c,profPush,243,4,8
3,4-4,20,/home/arpan/Documents/CBMC/libxslt/libxslt/transform.c,xsltForEach,5559,4,8
3,4-4,21,/home/arpan/Documents/CBMC/libxslt/libexslt/saxon.c,exsltSaxonLineNumberFunction,228,4,7
3,4-4,22,/home/arpan/Documents/CBMC/libxslt/libxslt/attributes.c,xsltGetSAS,472,4,7
3,4-4,23,/home/arpan/Documents/CBMC/libxslt/libxslt/documents.c,xsltFreeStyleDocuments,210,4,7
3,4-4,24,/home/arpan/Documents/CBMC/libxslt/libxslt/documents.c,xsltFindDocument,415,4,7
3,4-4,25,/home/arpan/Documents/CBMC/libxslt/libxslt/extensions.c,xsltCheckExtURI,1218,4,7
3,4-4,26,/home/arpan/Documents/CBMC/libxslt/libxslt/xsltutils.c,xsltGetQNameURI2,857,4,7
3,4-4,27,/home/arpan/Documents/CBMC/libxslt/libexslt/math.c,exsltMathMin,41,4,6
3,4-4,28,/home/arpan/Documents/CBMC/libxslt/libexslt/math.c,exsltMathMax,110,4,6
3,4-4,29,/home/arpan/Documents/CBMC/libxslt/libxslt/extensions.c,xsltCheckExtPrefix,1158,4,6
3,4-4,30,/home/arpan/Documents/CBMC/libxslt/libxslt/imports.c,xsltParseStylesheetInclude,184,4,6
3,4-4,31,/home/arpan/Documents/CBMC/libxslt/libxslt/imports.c,xsltNeedElemSpaceHandling,313,4,5
3,4-4,32,/home/arpan/Documents/CBMC/libxslt/libxslt/pattern.c,xsltTestCompMatchList,1212,4,5
3,4-4,33,/home/arpan/Documents/CBMC/libxslt/libxslt/preproc.c,xsltFreeStylePreComps,1957,4,5
3,4-4,34,/home/arpan/Documents/CBMC/libxslt/libxslt/transform.c,xsltApplyFallbacks,1731,4,5
3,4-4,35,/home/arpan/Documents/CBMC/libxslt/libxslt/variables.c,xsltRegisterLocalRVT,156,4,5
3,4-4,36,/home/arpan/Documents/CBMC/libxslt/libxslt/variables.c,xsltEvalUserParams,1626,4,5
3,4-4,37,/home/arpan/Documents/CBMC/libxslt/libxslt/variables.c,xsltQuoteUserParams,1656,4,5
3,4-4,38,/home/arpan/Documents/CBMC/libxslt/libxslt/transform.c,xsltText,3930,4,3
4,5-5,1,/home/arpan/Documents/CBMC/libxslt/libxslt/documents.c,xsltLoadDocument,285,5,18
4,5-5,2,/home/arpan/Documents/CBMC/libxslt/libxslt/numbers.c,xsltNumberFormatAlpha,230,5,17
4,5-5,3,/home/arpan/Documents/CBMC/libxslt/libxslt/xsltutils.c,xsltDocumentSortFunction,933,5,11
4,5-5,4,/home/arpan/Documents/CBMC/libxslt/libxslt/security.c,xsltCheckRead,433,5,10
4,5-5,5,/home/arpan/Documents/CBMC/libxslt/libexslt/strings.c,exsltStrTokenizeFunction,33,5,9
4,5-5,6,/home/arpan/Documents/CBMC/libxslt/libexslt/strings.c,exsltStrSplitFunction,142,5,9
4,5-5,7,/home/arpan/Documents/CBMC/libxslt/libxslt/pattern.c,xsltTestCompMatchDirect,526,5,9
4,5-5,8,/home/arpan/Documents/CBMC/libxslt/libxslt/security.c,xsltCheckWrite,368,5,9
4,5-5,9,/home/arpan/Documents/CBMC/libxslt/libxslt/transform.c,xsltCopy,3811,5,9
4,5-5,10,/home/arpan/Documents/CBMC/libxslt/libxslt/attributes.c,xsltResolveStylesheetAttributeSet,588,5,8
4,5-5,11,/home/arpan/Documents/CBMC/libxslt/libxslt/functions.c,xsltGenerateIdFunction,662,5,8
4,5-5,12,/home/arpan/Documents/CBMC/libxslt/libxslt/keys.c,skipString,214,5,8
4,5-5,13,/home/arpan/Documents/CBMC/libxslt/libxslt/transform.c,xsltCopyTextString,765,5,8
4,5-5,14,/home/arpan/Documents/CBMC/libxslt/libxslt/extensions.c,xsltStyleGetExtData,756,5,7
4,5-5,15,/home/arpan/Documents/CBMC/libxslt/libxslt/namespaces.c,xsltGetNamespace,634,5,7
4,5-5,16,/home/arpan/Documents/CBMC/libxslt/libxslt/transform.c,xsltCopyTreeList,1297,5,7
4,5-5,17,/home/arpan/Documents/CBMC/libxslt/python/libxslt.c,libxslt_xsltElementPreCompCallback,212,5,7
4,5-5,18,/home/arpan/Documents/CBMC/libxslt/python/libxslt.c,pythonDocLoaderFuncWrapper,514,5,7
4,5-5,19,/home/arpan/Documents/CBMC/libxslt/libxslt/documents.c,xsltLoadStyleDocument,359,5,6
4,5-5,20,/home/arpan/Documents/CBMC/libxslt/libxslt/extensions.c,xsltInitCtxtExts,1015,5,6
4,5-5,21,/home/arpan/Documents/CBMC/libxslt/libxslt/attributes.c,xsltAddAttrElemList,166,5,5
4,5-5,22,/home/arpan/Documents/CBMC/libxslt/libxslt/imports.c,xsltNextImport,288,5,4
4,5-5,23,/home/arpan/Documents/CBMC/libxslt/libxslt/preproc.c,xsltCheckInstructionElement,110,5,4
5,6-6,1,/home/arpan/Documents/CBMC/libxslt/libexslt/date.c,exsltDateDifference,2997,6,13
5,6-6,2,/home/arpan/Documents/CBMC/libxslt/libxslt/preproc.c,xsltElementComp,873,6,12
5,6-6,3,/home/arpan/Documents/CBMC/libxslt/libxslt/preproc.c,xsltAttributeComp,991,6,12
5,6-6,4,/home/arpan/Documents/CBMC/libxslt/libxslt/keys.c,xsltGetKey,426,6,11
5,6-6,5,/home/arpan/Documents/CBMC/libxslt/libxslt/keys.c,xsltInitDocKeyTable,488,6,11
5,6-6,6,/home/arpan/Documents/CBMC/libxslt/libxslt/transform.c,xsltLocalVariablePop,183,6,11
5,6-6,7,/home/arpan/Documents/CBMC/libxslt/libxslt/variables.c,xsltRegisterVariable,1778,6,11
5,6-6,8,/home/arpan/Documents/CBMC/libxslt/libxslt/xslt.c,exclPrefixPush,155,6,11
5,6-6,9,/home/arpan/Documents/CBMC/libxslt/libxslt/variables.c,xsltReleaseRVT,319,6,10
5,6-6,10,/home/arpan/Documents/CBMC/libxslt/libxslt/keys.c,xsltInitCtxtKey,613,6,9
5,6-6,11,/home/arpan/Documents/CBMC/libxslt/libxslt/preproc.c,xsltValueOfComp,1211,6,9
5,6-6,12,/home/arpan/Documents/CBMC/libxslt/libexslt/math.c,exsltMathHighest,177,6,8
5,6-6,13,/home/arpan/Documents/CBMC/libxslt/libexslt/math.c,exsltMathLowest,257,6,8
5,6-6,14,/home/arpan/Documents/CBMC/libxslt/libxslt/imports.c,xsltFindTemplate,394,6,8
5,6-6,15,/home/arpan/Documents/CBMC/libxslt/libxslt/security.c,xsltSetSecurityPrefs,128,6,8
5,6-6,16,/home/arpan/Documents/CBMC/libxslt/libxslt/attrvt.c,xsltEvalAVT,359,6,7
5,6-6,17,/home/arpan/Documents/CBMC/libxslt/libxslt/functions.c,xsltFormatNumberFunction,599,6,7
5,6-6,18,/home/arpan/Documents/CBMC/libxslt/libxslt/transform.c,xsltShallowCopyElem,1210,6,7
5,6-6,19,/home/arpan/Documents/CBMC/libxslt/libxslt/xslt.c,xsltAllocateExtraCtxt,804,6,7
5,6-6,20,/home/arpan/Documents/CBMC/libxslt/libxslt/documents.c,xsltFreeDocuments,251,6,6
5,6-6,21,/home/arpan/Documents/CBMC/libxslt/libxslt/transform.c,xsltShallowCopyNsNode,1390,6,6
5,6-6,22,/home/arpan/Documents/CBMC/libxslt/libxslt/xslt.c,xsltParseStylesheetKey,5059,6,6
5,6-6,23,/home/arpan/Documents/CBMC/libxslt/libxslt/xsltutils.c,xsltGetNsProp,173,6,6
5,6-6,24,/home/arpan/Documents/CBMC/libxslt/libexslt/functions.c,exsltFuncResultElem,649,6,5
5,6-6,25,/home/arpan/Documents/CBMC/libxslt/libxslt/security.c,xsltGetSecurityPrefs,158,6,5
5,6-6,26,/home/arpan/Documents/CBMC/libxslt/libxslt/transform.c,xsltCountKeys,5898,6,5
6,7-7,1,/home/arpan/Documents/CBMC/libxslt/libexslt/functions.c,exsltFuncFunctionFunction,278,7,26
6,7-7,2,/home/arpan/Documents/CBMC/libxslt/libxslt/pattern.c,xsltCompMatchAdd,294,7,19
6,7-7,3,/home/arpan/Documents/CBMC/libxslt/libxslt/security.c,xsltCheckWritePath,306,7,17
6,7-7,4,/home/arpan/Documents/CBMC/libxslt/libxslt/attributes.c,xsltResolveSASCallback,491,7,16
6,7-7,5,/home/arpan/Documents/CBMC/libxslt/libexslt/date.c,exsltDateSeconds,2909,7,14
6,7-7,6,/home/arpan/Documents/CBMC/libxslt/libxslt/preproc.c,xsltGetQNameProperty,1264,7,14
6,7-7,7,/home/arpan/Documents/CBMC/libxslt/libxslt/extensions.c,xsltRegisterExtPrefix,503,7,13
6,7-7,8,/home/arpan/Documents/CBMC/libxslt/libxslt/keys.c,xsltInitAllDocKeys,544,7,12
6,7-7,9,/home/arpan/Documents/CBMC/libxslt/libxslt/pattern.c,xsltFreeCompMatch,177,7,12
6,7-7,10,/home/arpan/Documents/CBMC/libxslt/libxslt/transform.c,profCallgraphAdd,294,7,11
6,7-7,11,/home/arpan/Documents/CBMC/libxslt/libxslt/imports.c,xsltParseStylesheetImport,87,7,10
6,7-7,12,/home/arpan/Documents/CBMC/libxslt/libxslt/preproc.c,xsltDocumentComp,532,7,9
6,7-7,13,/home/arpan/Documents/CBMC/libxslt/libxslt/xslt.c,xsltParseStylesheetPreserveSpace,1484,7,9
6,7-7,14,/home/arpan/Documents/CBMC/libxslt/libxslt/xslt.c,xsltParseStylesheetStripSpace,1623,7,9
6,7-7,15,/home/arpan/Documents/CBMC/libxslt/libxslt/pattern.c,xsltReverseCompMatch,414,7,8
6,7-7,16,/home/arpan/Documents/CBMC/libxslt/libxslt/variables.c,xsltExtensionInstructionResultRegister,243,7,8
6,7-7,17,/home/arpan/Documents/CBMC/libxslt/libxslt/variables.c,xsltAddStackElem,731,7,7
6,7-7,18,/home/arpan/Documents/CBMC/libxslt/libxslt/xslt.c,xsltParseStylesheetExtPrefix,1557,7,7
6,7-7,19,/home/arpan/Documents/CBMC/libxslt/libxslt/xsltutils.c,xsltGetCNsProp,83,7,7
6,7-7,20,/home/arpan/Documents/CBMC/libxslt/libxslt/transform.c,xsltReleaseLocalRVTs,2190,7,6
6,7-7,21,/home/arpan/Documents/CBMC/libxslt/libxslt/transform.c,xsltCopyOf,4280,7,6
6,7-7,22,/home/arpan/Documents/CBMC/libxslt/libxslt/transform.c,xsltChoose,5180,7,6
6,7-7,23,/home/arpan/Documents/CBMC/libxslt/python/libxslt.c,libxslt_xsltErrorFuncHandler,861,7,6
7,8-8,1,/home/arpan/Documents/CBMC/libxslt/libxslt/transform.c,xsltCallTemplate,4677,8,12
7,8-8,2,/home/arpan/Documents/CBMC/libxslt/libxslt/variables.c,xsltEvalGlobalVariables,1237,8,12
7,8-8,3,/home/arpan/Documents/CBMC/libxslt/libxslt/xsltutils.c,xsltComputeSortResult,967,8,8
7,8-8,4,/home/arpan/Documents/CBMC/libxslt/libxslt/xsltutils.c,pretty_templ_match,1929,8,8
7,8-8,5,/home/arpan/Documents/CBMC/libxslt/libxslt/namespaces.c,xsltNamespaceAlias,93,8,5
7,8-8,6,/home/arpan/Documents/CBMC/libxslt/libxslt/xslt.c,xsltParseStylesheetExcludePrefix,1693,8,5
7,8-8,7,/home/arpan/Documents/CBMC/libxslt/libexslt/date.c,exsltDateYear,1911,8,4
7,8-8,8,/home/arpan/Documents/CBMC/libxslt/libexslt/date.c,exsltDateDayInMonth,2316,8,4
7,8-8,9,/home/arpan/Documents/CBMC/libxslt/libxslt/variables.c,xsltFreeRVTs,410,8,3
7,8-8,10,/home/arpan/Documents/CBMC/libxslt/python/types.c,libxml_xmlXPathObjectPtrWrap,356,8,3
8,9-9,1,/home/arpan/Documents/CBMC/libxslt/python/libxslt.c,libxslt_xsltApplyStylesheetUser,658,9,14
8,9-9,2,/home/arpan/Documents/CBMC/libxslt/python/libxslt.c,libxslt_xsltApplyStylesheet,735,9,14
8,9-9,3,/home/arpan/Documents/CBMC/libxslt/libxslt/transform.c,xsltDebuggerStartSequenceConstructor,2104,9,13
8,9-9,4,/home/arpan/Documents/CBMC/libxslt/libxslt/keys.c,skipPredicate,239,9,9
8,9-9,5,/home/arpan/Documents/CBMC/libxslt/libxslt/variables.c,xsltEvalGlobalVariable,1023,9,6
8,9-9,6,/home/arpan/Documents/CBMC/libxslt/libxslt/functions.c,xsltSystemPropertyFunction,738,9,5
8,9-9,7,/home/arpan/Documents/CBMC/libxslt/libxslt/transform.c,xsltCopyAttrListNoOverwrite,1134,9,5
8,9-9,8,/home/arpan/Documents/CBMC/libxslt/libxslt/transform.c,xsltCopyNamespaceListInternal,1333,9,3
9,10-10,1,/home/arpan/Documents/CBMC/libxslt/libxslt/variables.c,xsltProcessUserParamInternal,1416,10,24
9,10-10,2,/home/arpan/Documents/CBMC/libxslt/libxslt/xslt.c,xsltParseStylesheetTemplate,5311,10,12
9,10-10,3,/home/arpan/Documents/CBMC/libxslt/libxslt/variables.c,xsltStackLookup,627,10,11
9,10-10,4,/home/arpan/Documents/CBMC/libxslt/libexslt/date.c,_exsltDateParseGYear,204,10,10
9,10-10,5,/home/arpan/Documents/CBMC/libxslt/libxslt/xsltutils.c,xsltPrintErrorContext,615,10,10
9,10-10,6,/home/arpan/Documents/CBMC/libxslt/libxslt/transform.c,xsltCopyText,861,10,8
9,10-10,7,/home/arpan/Documents/CBMC/libxslt/libxslt/functions.c,xsltDocumentFunction,225,10,7
9,10-10,8,/home/arpan/Documents/CBMC/libxslt/libxslt/imports.c,xsltFindElemSpaceHandling,340,10,6
10,11-11,1,/home/arpan/Documents/CBMC/libxslt/libxslt/xsltutils.c,xsltGetUTF8Char,258,11,9
10,11-11,2,/home/arpan/Documents/CBMC/libxslt/libxslt/numbers.c,xsltNumberFormatGetAnyLevel,535,11,8
10,11-11,3,/home/arpan/Documents/CBMC/libxslt/libxslt/namespaces.c,xsltCopyNamespaceList,735,11,4
11,12-12,1,/home/arpan/Documents/CBMC/libxslt/libxslt/preproc.c,xsltNumberComp,1395,12,19
11,12-12,2,/home/arpan/Documents/CBMC/libxslt/libxslt/variables.c,xsltRegisterGlobalVariable,1323,12,19
11,12-12,3,/home/arpan/Documents/CBMC/libxslt/libexslt/date.c,exsltDateWeekInYearFunction,3379,12,11
11,12-12,4,/home/arpan/Documents/CBMC/libxslt/libexslt/date.c,exsltDateWeekInMonthFunction,3388,12,11
11,12-12,5,/home/arpan/Documents/CBMC/libxslt/libexslt/date.c,exsltDateDayInYearFunction,3397,12,11
11,12-12,6,/home/arpan/Documents/CBMC/libxslt/libexslt/date.c,exsltDateDayInMonthFunction,3406,12,11
11,12-12,7,/home/arpan/Documents/CBMC/libxslt/libexslt/date.c,exsltDateDayOfWeekInMonthFunction,3415,12,11
11,12-12,8,/home/arpan/Documents/CBMC/libxslt/libexslt/date.c,exsltDateDayInWeekFunction,3424,12,11
11,12-12,9,/home/arpan/Documents/CBMC/libxslt/libxslt/preproc.c,xsltSortComp,677,12,9
11,12-12,10,/home/arpan/Documents/CBMC/libxslt/libxslt/xslt.c,xsltLoadStylesheetPI,6870,12,7
11,12-12,11,/home/arpan/Documents/CBMC/libxslt/xsltproc/xsltproc.c,parsePath,111,12,6
11,12-12,12,/home/arpan/Documents/CBMC/libxslt/libexslt/date.c,exsltDateMonthInYear,1996,12,4
11,12-12,13,/home/arpan/Documents/CBMC/libxslt/libxslt/templates.c,xsltAttrTemplateProcess,476,12,4
11,12-12,14,/home/arpan/Documents/CBMC/libxslt/libxslt/xslt.c,xsltFreeDecimalFormat,305,12,4
12,13-13,1,/home/arpan/Documents/CBMC/libxslt/libxslt/numbers.c,xsltNumberFormat,712,13,20
12,13-13,2,/home/arpan/Documents/CBMC/libxslt/libxslt/transform.c,xsltElement,3967,13,15
12,13-13,3,/home/arpan/Documents/CBMC/libxslt/libxslt/xsltutils.c,xsltGetProfileInformation,2182,13,15
12,13-13,4,/home/arpan/Documents/CBMC/libxslt/libxslt/variables.c,xsltXPathVariableLookup,2208,13,9
12,13-13,5,/home/arpan/Documents/CBMC/libxslt/libxslt/transform.c,xsltApplyStripSpaces,5829,13,5
13,14-14,1,/home/arpan/Documents/CBMC/libxslt/doc/tutorial2/libxslt_pipes.c,main,39,14,33
13,14-14,2,/home/arpan/Documents/CBMC/libxslt/xsltproc/xsltproc.c,xsltprocExternalEntityLoader,139,14,18
13,14-14,3,/home/arpan/Documents/CBMC/libxslt/libxslt/pattern.c,xsltScanLiteral,1272,14,10
13,14-14,4,/home/arpan/Documents/CBMC/libxslt/libexslt/math.c,exsltMathConstant,358,14,3
14,15-15,1,/home/arpan/Documents/CBMC/libxslt/libxslt/extra.c,xsltDebug,58,15,13
14,15-15,2,/home/arpan/Documents/CBMC/libxslt/libxslt/functions.c,xsltKeyFunction,359,15,6
15,16-16,1,/home/arpan/Documents/CBMC/libxslt/libxslt/transform.c,xsltApplyXSLTTemplate,2944,16,37
15,16-16,2,/home/arpan/Documents/CBMC/libxslt/libxslt/numbers.c,xsltNumberFormatDecimal,156,16,16
15,16-16,3,/home/arpan/Documents/CBMC/libxslt/libxslt/xslt.c,xsltGetInheritedNsList,1064,16,7
16,17-17,1,/home/arpan/Documents/CBMC/libxslt/libxslt/numbers.c,xsltNumberFormatTokenize,318,17,15
16,17-17,2,/home/arpan/Documents/CBMC/libxslt/libxslt/transform.c,xsltCopyTreeInternal,1501,17,9
16,17-17,3,/home/arpan/Documents/CBMC/libxslt/libxslt/xslt.c,xsltParseStylesheetDecimalFormat,1376,17,8
16,17-17,4,/home/arpan/Documents/CBMC/libxslt/libxslt/xslt.c,xsltGatherNamespaces,3637,17,4
17,19-19,1,/home/arpan/Documents/CBMC/libxslt/libxslt/attributes.c,xsltAttributeInternal,640,19,14
17,19-19,2,/home/arpan/Documents/CBMC/libxslt/libxslt/transform.c,xsltDefaultProcessOneNode,1787,19,8
17,19-19,3,/home/arpan/Documents/CBMC/libxslt/libxslt/templates.c,xsltAttrListTemplateProcess,632,19,4
18,20-20,1,/home/arpan/Documents/CBMC/libxslt/libexslt/date.c,exsltDateHourInDayFunction,3508,20,11
18,20-20,2,/home/arpan/Documents/CBMC/libxslt/libexslt/date.c,exsltDateMinuteInHourFunction,3517,20,11
18,20-20,3,/home/arpan/Documents/CBMC/libxslt/libexslt/date.c,exsltDateSecondInMinuteFunction,3526,20,11
19,21-21,1,/home/arpan/Documents/CBMC/libxslt/libxslt/attributes.c,xsltMergeAttrElemList,199,21,9
19,21-21,2,/home/arpan/Documents/CBMC/libxslt/libxslt/namespaces.c,xsltGetSpecialNamespace,337,21,9
19,21-21,3,/home/arpan/Documents/CBMC/libxslt/libxslt/templates.c,xsltAttrTemplateValueProcessNode,258,21,4
20,22-22,1,/home/arpan/Documents/CBMC/libxslt/libexslt/strings.c,exsltStrReplaceFunction,559,22,27
20,22-22,2,/home/arpan/Documents/CBMC/libxslt/libxslt/numbers.c,xsltNumberFormatRoman,256,22,20
20,22-22,3,/home/arpan/Documents/CBMC/libxslt/libxslt/keys.c,xsltAddKey,275,22,16
21,23-23,1,/home/arpan/Documents/CBMC/libxslt/xsltproc/xsltproc.c,xsltProcess,355,23,21
22,24-24,1,/home/arpan/Documents/CBMC/libxslt/libxslt/preproc.c,xsltNewStylePreComp,225,24,8
23,26-26,1,/home/arpan/Documents/CBMC/libxslt/libxslt/pattern.c,xsltScanNCName,1328,26,17
24,27-27,1,/home/arpan/Documents/CBMC/libxslt/libxslt/xslt.c,xsltParseStylesheetOutput,1159,27,9
25,28-28,1,/home/arpan/Documents/CBMC/libxslt/libxslt/numbers.c,xsltIsDigitZero,138,28,4
26,30-30,1,/home/arpan/Documents/CBMC/libxslt/libxslt/attrvt.c,xsltCompileAttr,171,30,11
26,30-30,2,/home/arpan/Documents/CBMC/libxslt/libxslt/transform.c,xsltApplyTemplates,4780,30,9
27,33-33,1,/home/arpan/Documents/CBMC/libxslt/libxslt/xslt.c,xsltPrecomputeStylesheet,3427,33,10
27,33-33,2,/home/arpan/Documents/CBMC/libxslt/libxslt/xslt.c,xsltIsBlank,262,33,3
28,35-35,1,/home/arpan/Documents/CBMC/libxslt/libxslt/xslt.c,xsltParseTemplateContent,4841,35,4
29,36-36,1,/home/arpan/Documents/CBMC/libxslt/libxslt/xslt.c,xsltParseStylesheetTop,6052,36,4
30,37-37,1,/home/arpan/Documents/CBMC/libxslt/libxslt/pattern.c,xsltAddTemplate,2072,37,16
30,37-37,2,/home/arpan/Documents/CBMC/libxslt/libxslt/xsltutils.c,xsltSaveResultTo,1451,37,15
31,40-40,1,/home/arpan/Documents/CBMC/libxslt/libxslt/xsltutils.c,xsltSaveProfiling,1962,40,45
31,40-40,2,/home/arpan/Documents/CBMC/libxslt/examples/xsltICUSort.c,xsltICUSortFunction,40,40,37
31,40-40,3,/home/arpan/Documents/CBMC/libxslt/libxslt/pattern.c,xsltGetTemplate,2280,40,10
32,42-42,1,/home/arpan/Documents/CBMC/libxslt/libxslt/transform.c,xsltApplySequenceConstructor,2236,42,19
33,45-45,1,/home/arpan/Documents/CBMC/libxslt/libxslt/preproc.c,xsltStylePreCompute,2197,45,28
34,46-46,1,/home/arpan/Documents/CBMC/libxslt/libexslt/date.c,exsltDateFormatTime,1234,46,4
35,48-48,1,/home/arpan/Documents/CBMC/libxslt/libxslt/transform.c,xsltApplyStylesheetInternal,5949,48,55
36,49-49,1,/home/arpan/Documents/CBMC/libxslt/libxslt/xsltutils.c,xsltDefaultSortFunction,1094,49,16
37,50-50,1,/home/arpan/Documents/CBMC/libxslt/libxslt/pattern.c,xsltCompilePatternInternal,1873,50,30
38,52-52,1,/home/arpan/Documents/CBMC/libxslt/libxslt/variables.c,xsltEvalVariable,799,52,4
39,63-63,1,/home/arpan/Documents/CBMC/libxslt/libexslt/date.c,exsltDateFormatDateTime,1183,63,5
40,67-67,1,/home/arpan/Documents/CBMC/libxslt/libxslt/transform.c,xsltDocumentElem,3274,67,30
40,67-67,2,/home/arpan/Documents/CBMC/libxslt/libxslt/xsltutils.c,xsltTransformError,709,67,15
41,69-69,1,/home/arpan/Documents/CBMC/libxslt/libexslt/date.c,_exsltDateParseGDay,423,69,6
42,70-70,1,/home/arpan/Documents/CBMC/libxslt/libexslt/date.c,_exsltDateParseGMonth,381,70,6
42,70-70,2,/home/arpan/Documents/CBMC/libxslt/libexslt/date.c,exsltDateFormatDate,1209,70,5
43,79-79,1,/home/arpan/Documents/CBMC/libxslt/libxslt/numbers.c,xsltNumberFormatInsertNumbers,424,79,23
44,81-81,1,/home/arpan/Documents/CBMC/libxslt/libxslt/attributes.c,xsltParseStylesheetAttributeSet,289,81,16
44,81-81,2,/home/arpan/Documents/CBMC/libxslt/libexslt/date.c,exsltDateMonthName,2049,81,5
44,81-81,3,/home/arpan/Documents/CBMC/libxslt/libexslt/date.c,exsltDateMonthAbbreviation,2097,81,5
45,87-87,1,/home/arpan/Documents/CBMC/libxslt/libexslt/date.c,exsltDateFormat,1261,87,7
46,100-100,1,/home/arpan/Documents/CBMC/libxslt/libxslt/xsltlocale.c,xsltDefaultRegion,210,100,2
47,102-102,1,/home/arpan/Documents/CBMC/libxslt/xsltproc/xsltproc.c,main,547,102,47
48,116-116,1,/home/arpan/Documents/CBMC/libxslt/libexslt/date.c,_exsltDateAddDurCalc,1702,116,9
49,132-132,1,/home/arpan/Documents/CBMC/libxslt/libxslt/pattern.c,xsltCompileRelativePathPattern,1752,132,14
50,141-141,1,/home/arpan/Documents/CBMC/libxslt/libexslt/date.c,exsltDateLeapYear,1960,141,6
51,148-148,1,/home/arpan/Documents/CBMC/libxslt/libxslt/pattern.c,xsltTestCompMatch,636,148,16
52,160-160,1,/home/arpan/Documents/CBMC/libxslt/libxslt/pattern.c,xsltCompileIdKeyPattern,1371,160,10
53,167-167,1,/home/arpan/Documents/CBMC/libxslt/libxslt/attributes.c,xsltApplyAttributeSet,1039,167,11
54,168-168,1,/home/arpan/Documents/CBMC/libxslt/libexslt/date.c,_exsltDateParseTimeZone,555,168,4
55,183-183,1,/home/arpan/Documents/CBMC/libxslt/libexslt/date.c,exsltDateParseDuration,978,183,8
56,204-204,1,/home/arpan/Documents/CBMC/libxslt/libexslt/date.c,exsltDateFormatDuration,1104,204,14
57,223-223,1,/home/arpan/Documents/CBMC/libxslt/libxslt/pattern.c,xsltCompileLocationPathPattern,1795,223,9
58,224-224,1,/home/arpan/Documents/CBMC/libxslt/libexslt/date.c,exsltDateWeekInMonth,2212,224,6
59,227-227,1,/home/arpan/Documents/CBMC/libxslt/libexslt/date.c,exsltDateDayInYear,2266,227,4
60,242-242,1,/home/arpan/Documents/CBMC/libxslt/libexslt/date.c,exsltDateDayInWeek,2413,242,6
61,245-245,1,/home/arpan/Documents/CBMC/libxslt/libexslt/date.c,_exsltDateCastYMToDays,1312,245,5
62,246-246,1,/home/arpan/Documents/CBMC/libxslt/libexslt/date.c,exsltDateCastDateToNumber,1351,246,10
63,261-261,1,/home/arpan/Documents/CBMC/libxslt/libxslt/pattern.c,xsltCompileStepPattern,1550,261,17
64,292-292,1,/home/arpan/Documents/CBMC/libxslt/libexslt/date.c,_exsltDateParseTime,483,292,15
65,368-368,1,/home/arpan/Documents/CBMC/libxslt/libexslt/date.c,_exsltDateDifference,1637,368,18
66,387-387,1,/home/arpan/Documents/CBMC/libxslt/libxslt/numbers.c,xsltFormatNumberPreSuffix,829,387,5
67,507-507,1,/home/arpan/Documents/CBMC/libxslt/libxslt/numbers.c,xsltFormatNumberConversion,920,507,31
68,555-555,1,/home/arpan/Documents/CBMC/libxslt/libexslt/date.c,_exsltDateAdd,1458,555,20
69,944-944,1,/home/arpan/Documents/CBMC/libxslt/libexslt/date.c,exsltDateWeekInYear,2143,944,8
70,1599-1599,1,/home/arpan/Documents/CBMC/libxslt/libexslt/date.c,exsltDateParse,828,1599,23
71,7106-7106,1,/home/arpan/Documents/CBMC/libxslt/libxslt/xslt.c,xsltParseStylesheetPI,6780,7106,4
