file,func,line,C1,C2,C3,C4,V1,V2,V3,V4,V5,V6,V7,V8,V9,V10,V11,complexity_score,vulnerability_score
/home/arpan/Documents/CBMC/libxslt/doc/tutorial2/libxslt_pipes.c,usage,32,1,0,0,0,1,2,0,0,0,0,0,0,0,0,0,1,3
/home/arpan/Documents/CBMC/libxslt/doc/tutorial2/libxslt_pipes.c,main,39,10,3,0,1,2,24,0,0,0,0,1,0,2,0,4,14,33
/home/arpan/Documents/CBMC/libxslt/examples/xsltICUSort.c,xsltICUSortFunction,40,36,3,0,1,3,19,0,0,0,0,1,0,3,6,5,40,37
/home/arpan/Documents/CBMC/libxslt/libexslt/common.c,exsltNodeSetFunction,25,3,0,0,0,2,4,0,0,0,0,1,0,1,0,2,3,10
/home/arpan/Documents/CBMC/libxslt/libexslt/common.c,exsltObjectTypeFunction,78,2,0,0,0,2,3,0,0,0,0,1,0,1,0,1,2,8
/home/arpan/Documents/CBMC/libxslt/libexslt/common.c,exsltCommonRegister,126,1,0,0,0,0,0,0,0,0,0,0,0,0,0,0,1,0
/home/arpan/Documents/CBMC/libxslt/libexslt/date.c,_exsltDateParseGYear,204,8,1,0,1,2,0,0,0,0,0,1,0,1,4,2,10,10
/home/arpan/Documents/CBMC/libxslt/libexslt/date.c,_exsltDateParseGMonth,381,70,0,0,0,2,0,0,0,0,0,1,0,1,1,1,70,6
/home/arpan/Documents/CBMC/libxslt/libexslt/date.c,_exsltDateParseGDay,423,69,0,0,0,2,0,0,0,0,0,1,0,1,1,1,69,6
/home/arpan/Documents/CBMC/libxslt/libexslt/date.c,_exsltDateParseTime,483,292,0,0,0,2,0,0,0,0,0,1,0,4,6,2,292,15
/home/arpan/Documents/CBMC/libxslt/libexslt/date.c,_exsltDateParseTimeZone,555,168,0,0,0,2,0,0,0,0,0,1,0,0,1,0,168,4
/home/arpan/Documents/CBMC/libxslt/libexslt/date.c,exsltDateCreateDate,658,1,0,0,0,1,5,0,0,0,0,1,0,1,1,2,1,11
/home/arpan/Documents/CBMC/libxslt/libexslt/date.c,exsltDateFreeDate,683,1,0,0,0,1,2,0,0,0,0,1,0,0,1,0,1,5
/home/arpan/Documents/CBMC/libxslt/libexslt/date.c,exsltDateParse,828,1599,0,0,0,1,4,0,0,0,0,1,0,5,8,4,1599,23
/home/arpan/Documents/CBMC/libxslt/libexslt/date.c,exsltDateParseDuration,978,181,1,0,1,1,4,0,0,0,0,1,0,1,0,1,183,8
/home/arpan/Documents/CBMC/libxslt/libexslt/date.c,exsltDateFormatDuration,1104,204,0,0,0,1,2,0,0,0,0,1,0,6,0,4,204,14
/home/arpan/Documents/CBMC/libxslt/libexslt/date.c,exsltDateFormatDateTime,1183,63,0,0,0,1,0,0,0,0,0,1,0,2,0,1,63,5
/home/arpan/Documents/CBMC/libxslt/libexslt/date.c,exsltDateFormatDate,1209,70,0,0,0,1,0,0,0,0,0,1,0,2,0,1,70,5
/home/arpan/Documents/CBMC/libxslt/libexslt/date.c,exsltDateFormatTime,1234,46,0,0,0,1,0,0,0,0,0,1,0,1,0,1,46,4
/home/arpan/Documents/CBMC/libxslt/libexslt/date.c,exsltDateFormat,1261,87,0,0,0,1,1,0,0,0,0,1,0,2,0,2,87,7
/home/arpan/Documents/CBMC/libxslt/libexslt/date.c,_exsltDateCastYMToDays,1312,245,0,0,0,1,0,0,0,0,0,1,0,1,1,1,245,5
/home/arpan/Documents/CBMC/libxslt/libexslt/date.c,exsltDateCastDateToNumber,1351,246,0,0,0,1,2,0,0,0,0,1,0,2,1,3,246,10
/home/arpan/Documents/CBMC/libxslt/libexslt/date.c,_exsltDateTruncateDate,1386,1,0,0,0,2,0,0,0,0,0,1,0,4,4,5,1,16
/home/arpan/Documents/CBMC/libxslt/libexslt/date.c,_exsltDateDayInWeek,1425,2,0,0,0,2,0,0,0,0,0,1,0,1,0,1,2,5
/home/arpan/Documents/CBMC/libxslt/libexslt/date.c,_exsltDateAdd,1458,553,1,0,1,2,6,0,0,0,0,1,0,3,2,6,555,20
/home/arpan/Documents/CBMC/libxslt/libexslt/date.c,exsltDateNormalize,1598,2,0,0,0,1,8,0,0,0,0,1,0,1,4,2,2,17
/home/arpan/Documents/CBMC/libxslt/libexslt/date.c,_exsltDateDifference,1637,368,0,0,0,3,7,0,0,0,0,1,0,2,0,5,368,18
/home/arpan/Documents/CBMC/libxslt/libexslt/date.c,_exsltDateAddDurCalc,1702,116,0,0,0,3,2,0,0,0,0,1,0,2,0,1,116,9
/home/arpan/Documents/CBMC/libxslt/libexslt/date.c,_exsltDateAddDuration,1753,1,0,0,0,2,7,0,0,0,0,1,0,1,1,4,1,16
/home/arpan/Documents/CBMC/libxslt/libexslt/date.c,exsltDateDateTime,1786,1,0,0,0,0,0,0,0,0,0,0,0,0,0,0,1,0
/home/arpan/Documents/CBMC/libxslt/libexslt/date.c,exsltDateDate,1819,3,0,0,0,1,2,0,0,0,0,1,0,0,0,0,3,4
/home/arpan/Documents/CBMC/libxslt/libexslt/date.c,exsltDateTime,1863,3,0,0,0,1,2,0,0,0,0,1,0,0,0,0,3,4
/home/arpan/Documents/CBMC/libxslt/libexslt/date.c,exsltDateYear,1911,8,0,0,0,1,2,0,0,0,0,1,0,0,0,0,8,4
/home/arpan/Documents/CBMC/libxslt/libexslt/date.c,exsltDateLeapYear,1960,141,0,0,0,1,1,0,0,0,0,1,0,1,1,1,141,6
/home/arpan/Documents/CBMC/libxslt/libexslt/date.c,exsltDateMonthInYear,1996,12,0,0,0,1,2,0,0,0,0,1,0,0,0,0,12,4
/home/arpan/Documents/CBMC/libxslt/libexslt/date.c,exsltDateMonthName,2049,81,0,0,0,1,0,0,0,0,0,1,0,1,1,1,81,5
/home/arpan/Documents/CBMC/libxslt/libexslt/date.c,exsltDateMonthAbbreviation,2097,81,0,0,0,1,0,0,0,0,0,1,0,1,1,1,81,5
/home/arpan/Documents/CBMC/libxslt/libexslt/date.c,exsltDateWeekInYear,2143,944,0,0,0,1,4,0,0,0,0,1,0,1,0,1,944,8
/home/arpan/Documents/CBMC/libxslt/libexslt/date.c,exsltDateWeekInMonth,2212,224,0,0,0,1,4,0,0,0,0,1,0,0,0,0,224,6
/home/arpan/Documents/CBMC/libxslt/libexslt/date.c,exsltDateDayInYear,2266,227,0,0,0,1,2,0,0,0,0,1,0,0,0,0,227,4
/home/arpan/Documents/CBMC/libxslt/libexslt/date.c,exsltDateDayInMonth,2316,8,0,0,0,1,2,0,0,0,0,1,0,0,0,0,8,4
/home/arpan/Documents/CBMC/libxslt/libexslt/date.c,exsltDateDayOfWeekInMonth,2364,3,0,0,0,1,2,0,0,0,0,1,0,0,0,0,3,4
/home/arpan/Documents/CBMC/libxslt/libexslt/date.c,exsltDateDayInWeek,2413,242,0,0,0,1,4,0,0,0,0,1,0,0,0,0,242,6
/home/arpan/Documents/CBMC/libxslt/libexslt/date.c,exsltDateDayName,2465,2,0,0,0,1,0,0,0,0,0,1,0,1,1,1,2,5
/home/arpan/Documents/CBMC/libxslt/libexslt/date.c,exsltDateDayAbbreviation,2505,2,0,0,0,1,0,0,0,0,0,1,0,1,1,1,2,5
/home/arpan/Documents/CBMC/libxslt/libexslt/date.c,exsltDateHourInDay,2543,3,0,0,0,1,2,0,0,0,0,1,0,0,0,0,3,4
/home/arpan/Documents/CBMC/libxslt/libexslt/date.c,exsltDateMinuteInHour,2589,3,0,0,0,1,2,0,0,0,0,1,0,0,0,0,3,4
/home/arpan/Documents/CBMC/libxslt/libexslt/date.c,exsltDateSecondInMinute,2637,3,0,0,0,1,2,0,0,0,0,1,0,0,0,0,3,4
/home/arpan/Documents/CBMC/libxslt/libexslt/date.c,exsltDateAdd,2689,3,0,0,0,2,5,0,0,0,0,1,0,0,0,0,3,8
/home/arpan/Documents/CBMC/libxslt/libexslt/date.c,exsltDateAddDuration,2747,1,0,0,0,2,5,0,0,0,0,1,0,0,0,0,1,8
/home/arpan/Documents/CBMC/libxslt/libexslt/date.c,exsltDateSumFunction,2799,1,0,0,0,2,7,0,0,0,0,1,0,1,2,2,1,15
/home/arpan/Documents/CBMC/libxslt/libexslt/date.c,exsltDateSeconds,2909,7,0,0,0,1,8,0,0,0,0,1,0,1,0,3,7,14
/home/arpan/Documents/CBMC/libxslt/libexslt/date.c,exsltDateDifference,2997,6,0,0,0,2,5,0,0,0,0,1,0,1,0,4,6,13
/home/arpan/Documents/CBMC/libxslt/libexslt/date.c,exsltDateDuration,3057,1,0,0,0,1,5,0,0,0,0,1,0,0,1,0,1,8
/home/arpan/Documents/CBMC/libxslt/libexslt/date.c,exsltDateDateFunction,3123,3,0,0,0,2,4,0,0,0,0,1,0,2,0,1,3,10
/home/arpan/Documents/CBMC/libxslt/libexslt/date.c,exsltDateTimeFunction,3162,3,0,0,0,2,4,0,0,0,0,1,0,2,0,1,3,10
/home/arpan/Documents/CBMC/libxslt/libexslt/date.c,exsltDateYearFunction,3201,3,0,0,0,2,5,0,0,0,0,1,0,2,0,1,3,11
/home/arpan/Documents/CBMC/libxslt/libexslt/date.c,exsltDateLeapYearFunction,3235,3,0,0,0,2,3,0,0,0,0,1,0,2,0,1,3,9
/home/arpan/Documents/CBMC/libxslt/libexslt/date.c,exsltDateMonthInYearFunction,3296,4,0,0,0,2,5,0,0,0,0,1,0,2,0,1,4,11
/home/arpan/Documents/CBMC/libxslt/libexslt/date.c,exsltDateMonthNameFunction,3306,3,0,0,0,2,6,0,0,0,0,1,0,2,1,1,3,13
/home/arpan/Documents/CBMC/libxslt/libexslt/date.c,exsltDateMonthAbbreviationFunction,3343,3,0,0,0,2,6,0,0,0,0,1,0,2,1,1,3,13
/home/arpan/Documents/CBMC/libxslt/libexslt/date.c,exsltDateWeekInYearFunction,3379,12,0,0,0,2,5,0,0,0,0,1,0,2,0,1,12,11
/home/arpan/Documents/CBMC/libxslt/libexslt/date.c,exsltDateWeekInMonthFunction,3388,12,0,0,0,2,5,0,0,0,0,1,0,2,0,1,12,11
/home/arpan/Documents/CBMC/libxslt/libexslt/date.c,exsltDateDayInYearFunction,3397,12,0,0,0,2,5,0,0,0,0,1,0,2,0,1,12,11
/home/arpan/Documents/CBMC/libxslt/libexslt/date.c,exsltDateDayInMonthFunction,3406,12,0,0,0,2,5,0,0,0,0,1,0,2,0,1,12,11
/home/arpan/Documents/CBMC/libxslt/libexslt/date.c,exsltDateDayOfWeekInMonthFunction,3415,12,0,0,0,2,5,0,0,0,0,1,0,2,0,1,12,11
/home/arpan/Documents/CBMC/libxslt/libexslt/date.c,exsltDateDayInWeekFunction,3424,12,0,0,0,2,5,0,0,0,0,1,0,2,0,1,12,11
/home/arpan/Documents/CBMC/libxslt/libexslt/date.c,exsltDateDayNameFunction,3434,3,0,0,0,2,6,0,0,0,0,1,0,2,1,1,3,13
/home/arpan/Documents/CBMC/libxslt/libexslt/date.c,exsltDateDayAbbreviationFunction,3471,3,0,0,0,2,6,0,0,0,0,1,0,2,1,1,3,13
/home/arpan/Documents/CBMC/libxslt/libexslt/date.c,exsltDateHourInDayFunction,3508,20,0,0,0,2,5,0,0,0,0,1,0,2,0,1,20,11
/home/arpan/Documents/CBMC/libxslt/libexslt/date.c,exsltDateMinuteInHourFunction,3517,20,0,0,0,2,5,0,0,0,0,1,0,2,0,1,20,11
/home/arpan/Documents/CBMC/libxslt/libexslt/date.c,exsltDateSecondInMinuteFunction,3526,20,0,0,0,2,5,0,0,0,0,1,0,2,0,1,20,11
/home/arpan/Documents/CBMC/libxslt/libexslt/date.c,exsltDateSecondsFunction,3536,2,0,0,0,2,5,0,0,0,0,1,0,2,0,1,2,11
/home/arpan/Documents/CBMC/libxslt/libexslt/date.c,exsltDateAddFunction,3569,1,0,0,0,2,3,0,0,0,0,1,0,2,2,2,1,12
/home/arpan/Documents/CBMC/libxslt/libexslt/date.c,exsltDateAddDurationFunction,3606,1,0,0,0,2,3,0,0,0,0,1,0,2,2,2,1,12
/home/arpan/Documents/CBMC/libxslt/libexslt/date.c,exsltDateDifferenceFunction,3643,1,0,0,0,2,3,0,0,0,0,1,0,2,2,2,1,12
/home/arpan/Documents/CBMC/libxslt/libexslt/date.c,exsltDateDurationFunction,3680,3,0,0,0,2,4,0,0,0,0,1,0,2,1,1,3,11
/home/arpan/Documents/CBMC/libxslt/libexslt/date.c,exsltDateRegister,3715,1,0,0,0,0,0,0,0,0,0,0,0,0,0,0,1,0
/home/arpan/Documents/CBMC/libxslt/libexslt/date.c,exsltDateXpathCtxtRegister,3802,1,0,0,0,2,0,0,0,0,0,1,0,0,0,0,1,3
/home/arpan/Documents/CBMC/libxslt/libexslt/dynamic.c,exsltDynEvaluateFunction,54,1,0,0,0,2,3,0,0,0,0,1,0,1,1,1,1,9
/home/arpan/Documents/CBMC/libxslt/libexslt/dynamic.c,exsltDynMapFunction,97,1,0,0,0,2,5,0,0,0,0,1,0,2,0,2,1,12
/home/arpan/Documents/CBMC/libxslt/libexslt/dynamic.c,exsltDynRegister,279,1,0,0,0,0,0,0,0,0,0,0,0,0,0,0,1,0
/home/arpan/Documents/CBMC/libxslt/libexslt/exslt.c,exsltRegisterAll,26,1,0,0,0,0,9,0,0,0,0,0,0,0,0,0,1,9
/home/arpan/Documents/CBMC/libxslt/libexslt/functions.c,exsltFuncRegisterFunc,74,1,0,0,0,5,4,0,0,0,0,1,0,0,1,0,1,11
/home/arpan/Documents/CBMC/libxslt/libexslt/functions.c,exsltFuncRegisterImportFunc,99,2,0,0,0,5,12,0,0,0,0,1,0,0,2,0,2,20
/home/arpan/Documents/CBMC/libxslt/libexslt/functions.c,exsltFuncInit,144,2,1,0,1,2,5,0,0,0,0,1,0,0,0,0,4,8
/home/arpan/Documents/CBMC/libxslt/libexslt/functions.c,exsltFuncShutdown,187,1,0,0,0,1,0,0,0,0,0,0,0,0,0,0,1,1
/home/arpan/Documents/CBMC/libxslt/libexslt/functions.c,exsltFuncStyleInit,206,1,0,0,0,1,1,0,0,0,0,0,0,0,0,0,1,2
/home/arpan/Documents/CBMC/libxslt/libexslt/functions.c,exsltFuncStyleShutdown,221,1,0,0,0,1,0,0,0,0,0,0,0,0,0,0,1,1
/home/arpan/Documents/CBMC/libxslt/libexslt/functions.c,exsltFuncNewFunctionData,235,1,0,0,0,0,5,0,0,0,0,1,0,0,0,0,1,6
/home/arpan/Documents/CBMC/libxslt/libexslt/functions.c,exsltFreeFuncResultPreComp,259,1,0,0,0,1,3,0,0,0,0,1,0,0,3,0,1,8
/home/arpan/Documents/CBMC/libxslt/libexslt/functions.c,exsltFuncFunctionFunction,278,7,0,0,0,2,16,0,0,0,0,1,0,1,2,4,7,26
/home/arpan/Documents/CBMC/libxslt/libexslt/functions.c,exsltFuncFunctionComp,456,1,1,0,1,2,5,0,0,0,0,1,0,0,1,0,3,9
/home/arpan/Documents/CBMC/libxslt/libexslt/functions.c,exsltFuncResultComp,542,2,0,0,0,3,10,0,0,0,0,1,0,0,0,0,2,14
/home/arpan/Documents/CBMC/libxslt/libexslt/functions.c,exsltFuncResultElem,649,6,0,0,0,2,2,0,0,0,0,1,0,0,0,0,6,5
/home/arpan/Documents/CBMC/libxslt/libexslt/functions.c,exsltFuncRegister,767,1,0,0,0,0,0,0,0,0,0,0,0,0,0,0,1,0
/home/arpan/Documents/CBMC/libxslt/libexslt/math.c,exsltMathMin,41,2,1,0,1,1,2,0,0,0,0,1,0,1,0,1,4,6
/home/arpan/Documents/CBMC/libxslt/libexslt/math.c,exsltMathMinFunction,68,1,0,0,0,2,5,0,0,0,0,1,0,1,1,2,1,12
/home/arpan/Documents/CBMC/libxslt/libexslt/math.c,exsltMathMax,110,2,1,0,1,1,2,0,0,0,0,1,0,1,0,1,4,6
/home/arpan/Documents/CBMC/libxslt/libexslt/math.c,exsltMathMaxFunction,137,1,0,0,0,2,4,0,0,0,0,1,0,1,1,2,1,11
/home/arpan/Documents/CBMC/libxslt/libexslt/math.c,exsltMathHighest,177,4,1,0,1,1,4,0,0,0,0,1,0,1,0,1,6,8
/home/arpan/Documents/CBMC/libxslt/libexslt/math.c,exsltMathHighestFunction,218,1,0,0,0,2,2,0,0,0,0,1,0,1,1,2,1,9
/home/arpan/Documents/CBMC/libxslt/libexslt/math.c,exsltMathLowest,257,4,1,0,1,1,4,0,0,0,0,1,0,1,0,1,6,8
/home/arpan/Documents/CBMC/libxslt/libexslt/math.c,exsltMathLowestFunction,298,1,0,0,0,2,2,0,0,0,0,1,0,1,1,2,1,9
/home/arpan/Documents/CBMC/libxslt/libexslt/math.c,exsltMathConstant,358,14,0,0,0,2,0,0,0,0,0,1,0,0,0,0,14,3
/home/arpan/Documents/CBMC/libxslt/libexslt/math.c,exsltMathConstantFunction,440,1,0,0,0,2,5,0,0,0,0,1,0,2,2,2,1,14
/home/arpan/Documents/CBMC/libxslt/libexslt/math.c,exsltMathRegister,1048,1,0,0,0,0,0,0,0,0,0,0,0,0,0,0,1,0
/home/arpan/Documents/CBMC/libxslt/libexslt/math.c,exsltMathXpathCtxtRegister,1116,1,0,0,0,2,0,0,0,0,0,1,0,0,0,0,1,3
/home/arpan/Documents/CBMC/libxslt/libexslt/saxon.c,exsltSaxonInit,33,1,0,0,0,1,1,0,0,0,0,0,0,0,0,0,1,2
/home/arpan/Documents/CBMC/libxslt/libexslt/saxon.c,exsltSaxonShutdown,47,1,0,0,0,1,0,0,0,0,0,0,0,0,0,0,1,1
/home/arpan/Documents/CBMC/libxslt/libexslt/saxon.c,exsltSaxonExpressionFunction,78,2,0,0,0,2,4,0,0,0,0,1,0,1,0,1,2,9
/home/arpan/Documents/CBMC/libxslt/libexslt/saxon.c,exsltSaxonEvalFunction,133,1,0,0,0,2,3,0,0,0,0,1,0,1,0,2,1,9
/home/arpan/Documents/CBMC/libxslt/libexslt/saxon.c,exsltSaxonEvaluateFunction,172,1,0,0,0,2,3,0,0,0,0,1,0,1,0,1,1,8
/home/arpan/Documents/CBMC/libxslt/libexslt/saxon.c,exsltSaxonSystemIdFunction,192,4,0,0,0,2,3,0,0,0,0,1,0,1,2,1,4,10
/home/arpan/Documents/CBMC/libxslt/libexslt/saxon.c,exsltSaxonLineNumberFunction,228,4,0,0,0,2,2,0,0,0,0,1,0,1,0,1,4,7
/home/arpan/Documents/CBMC/libxslt/libexslt/saxon.c,exsltSaxonRegister,277,1,0,0,0,0,0,0,0,0,0,0,0,0,0,0,1,0
/home/arpan/Documents/CBMC/libxslt/libexslt/sets.c,exsltSetsDifferenceFunction,28,1,0,0,0,2,3,0,0,0,0,1,0,2,0,2,1,10
/home/arpan/Documents/CBMC/libxslt/libexslt/sets.c,exsltSetsIntersectionFunction,65,1,0,0,0,2,3,0,0,0,0,1,0,2,0,2,1,10
/home/arpan/Documents/CBMC/libxslt/libexslt/sets.c,exsltSetsDistinctFunction,101,1,0,0,0,2,2,0,0,0,0,1,0,1,1,2,1,9
/home/arpan/Documents/CBMC/libxslt/libexslt/sets.c,exsltSetsHasSameNodesFunction,142,1,0,0,0,2,5,0,0,0,0,1,0,2,0,2,1,12
/home/arpan/Documents/CBMC/libxslt/libexslt/sets.c,exsltSetsLeadingFunction,180,1,0,0,0,2,3,0,0,0,0,1,0,2,0,2,1,10
/home/arpan/Documents/CBMC/libxslt/libexslt/sets.c,exsltSetsTrailingFunction,227,1,0,0,0,2,3,0,0,0,0,1,0,2,0,2,1,10
/home/arpan/Documents/CBMC/libxslt/libexslt/sets.c,exsltSetsRegister,273,1,0,0,0,0,0,0,0,0,0,0,0,0,0,0,1,0
/home/arpan/Documents/CBMC/libxslt/libexslt/sets.c,exsltSetsXpathCtxtRegister,300,1,0,0,0,2,0,0,0,0,0,1,0,0,0,0,1,3
/home/arpan/Documents/CBMC/libxslt/libexslt/strings.c,exsltStrTokenizeFunction,33,5,0,0,0,2,2,0,0,0,0,1,0,2,1,1,5,9
/home/arpan/Documents/CBMC/libxslt/libexslt/strings.c,exsltStrSplitFunction,142,5,0,0,0,2,2,0,0,0,0,1,0,2,1,1,5,9
/home/arpan/Documents/CBMC/libxslt/libexslt/strings.c,exsltStrEncodeUriFunction,252,3,0,0,0,2,3,0,0,0,0,1,0,2,0,2,3,10
/home/arpan/Documents/CBMC/libxslt/libexslt/strings.c,exsltStrDecodeUriFunction,299,3,0,0,0,2,2,0,0,0,0,1,0,2,0,2,3,9
/home/arpan/Documents/CBMC/libxslt/libexslt/strings.c,exsltStrPaddingFunction,353,2,1,0,1,2,3,0,0,0,0,1,0,2,0,3,4,11
/home/arpan/Documents/CBMC/libxslt/libexslt/strings.c,exsltStrAlignFunction,403,4,0,0,0,2,1,0,0,0,0,1,0,2,0,3,4,9
/home/arpan/Documents/CBMC/libxslt/libexslt/strings.c,exsltStrConcatFunction,471,1,0,0,0,2,4,0,0,0,0,1,0,1,0,2,1,10
/home/arpan/Documents/CBMC/libxslt/libexslt/strings.c,exsltStrReturnString,516,1,0,0,0,3,0,0,0,0,0,1,0,0,0,0,1,4
/home/arpan/Documents/CBMC/libxslt/libexslt/strings.c,exsltStrReplaceFunction,559,19,2,0,1,2,6,1,1,1,0,1,0,3,5,7,22,27
/home/arpan/Documents/CBMC/libxslt/libexslt/strings.c,exsltStrRegister,782,1,0,0,0,0,0,0,0,0,0,0,0,0,0,0,1,0
/home/arpan/Documents/CBMC/libxslt/libexslt/strings.c,exsltStrXpathCtxtRegister,815,1,0,0,0,2,0,0,0,0,0,1,0,0,0,0,1,3
/home/arpan/Documents/CBMC/libxslt/libxslt/attributes.c,xsltNewAttrElem,109,1,0,0,0,1,5,0,0,0,0,1,0,0,0,0,1,7
/home/arpan/Documents/CBMC/libxslt/libxslt/attributes.c,xsltFreeAttrElem,130,1,0,0,0,1,2,0,0,0,0,0,0,0,0,0,1,3
/home/arpan/Documents/CBMC/libxslt/libxslt/attributes.c,xsltFreeAttrElemList,141,1,1,0,1,1,2,0,0,0,0,1,0,0,0,0,3,4
/home/arpan/Documents/CBMC/libxslt/libxslt/attributes.c,xsltAddAttrElemList,166,3,1,0,1,2,0,0,0,0,0,1,0,0,2,0,5,5
/home/arpan/Documents/CBMC/libxslt/libxslt/attributes.c,xsltMergeAttrElemList,199,19,1,0,1,3,5,0,0,0,0,1,0,0,0,0,21,9
/home/arpan/Documents/CBMC/libxslt/libxslt/attributes.c,xsltParseStylesheetAttributeSet,289,79,1,0,1,2,11,0,0,0,0,1,0,0,2,0,81,16
/home/arpan/Documents/CBMC/libxslt/libxslt/attributes.c,xsltGetSAS,472,2,1,0,1,3,3,0,0,0,0,1,0,0,0,0,4,7
/home/arpan/Documents/CBMC/libxslt/libxslt/attributes.c,xsltResolveSASCallback,491,5,1,0,1,5,10,0,0,0,0,1,0,0,0,0,7,16
/home/arpan/Documents/CBMC/libxslt/libxslt/attributes.c,xsltMergeSASCallback,546,2,0,0,0,5,11,0,0,0,0,1,0,1,0,1,2,19
/home/arpan/Documents/CBMC/libxslt/libxslt/attributes.c,xsltResolveStylesheetAttributeSet,588,3,1,0,1,1,6,0,0,0,0,1,0,0,0,0,5,8
/home/arpan/Documents/CBMC/libxslt/libxslt/attributes.c,xsltAttributeInternal,640,19,0,0,0,5,0,0,0,0,0,1,0,2,4,2,19,14
/home/arpan/Documents/CBMC/libxslt/libxslt/attributes.c,xsltAttribute,1021,1,0,0,0,4,3,0,0,0,0,0,0,0,0,0,1,7
/home/arpan/Documents/CBMC/libxslt/libxslt/attributes.c,xsltApplyAttributeSet,1039,165,1,0,1,4,6,0,0,0,0,1,0,0,0,0,167,11
/home/arpan/Documents/CBMC/libxslt/libxslt/attributes.c,xsltFreeAttributeSetsHashes,1134,1,0,0,0,1,0,0,0,0,0,0,0,0,0,0,1,1
/home/arpan/Documents/CBMC/libxslt/libxslt/attrvt.c,xsltNewAttrVT,63,2,0,0,0,1,3,0,0,0,0,1,0,0,0,0,2,5
/home/arpan/Documents/CBMC/libxslt/libxslt/attrvt.c,xsltFreeAttrVT,95,1,0,0,0,1,2,0,0,0,0,1,0,1,2,1,1,8
/home/arpan/Documents/CBMC/libxslt/libxslt/attrvt.c,xsltFreeAVTList,125,1,1,0,1,1,2,0,0,0,0,1,0,0,0,0,3,4
/home/arpan/Documents/CBMC/libxslt/libxslt/attrvt.c,xsltSetAttrVTsegment,147,2,0,0,0,2,3,0,0,0,0,1,0,1,0,1,2,8
/home/arpan/Documents/CBMC/libxslt/libxslt/attrvt.c,xsltCompileAttr,171,28,1,0,1,2,5,0,0,0,0,1,0,0,3,0,30,11
/home/arpan/Documents/CBMC/libxslt/libxslt/attrvt.c,xsltEvalAVT,359,4,1,0,1,3,0,0,0,0,0,1,0,1,0,2,6,7
/home/arpan/Documents/CBMC/libxslt/libxslt/documents.c,xsltDocDefaultLoaderFunc,61,1,0,0,0,4,0,0,0,0,0,1,0,0,0,0,1,5
/home/arpan/Documents/CBMC/libxslt/libxslt/documents.c,xsltSetLoaderFunc,121,1,0,0,0,1,0,0,0,0,0,1,0,0,1,0,1,3
/home/arpan/Documents/CBMC/libxslt/libxslt/documents.c,xsltNewDocument,144,2,0,0,0,2,3,0,0,0,0,1,0,0,0,0,2,6
/home/arpan/Documents/CBMC/libxslt/libxslt/documents.c,xsltNewStyleDocument,183,1,0,0,0,2,3,0,0,0,0,1,0,0,0,0,1,6
/home/arpan/Documents/CBMC/libxslt/libxslt/documents.c,xsltFreeStyleDocuments,210,2,1,0,1,1,4,0,0,0,0,1,0,0,1,0,4,7
/home/arpan/Documents/CBMC/libxslt/libxslt/documents.c,xsltFreeDocuments,251,3,2,0,1,1,4,0,0,0,0,1,0,0,0,0,6,6
/home/arpan/Documents/CBMC/libxslt/libxslt/documents.c,xsltLoadDocument,285,3,1,0,1,2,7,0,0,0,0,1,0,3,2,3,5,18
/home/arpan/Documents/CBMC/libxslt/libxslt/documents.c,xsltLoadStyleDocument,359,3,1,0,1,2,3,0,0,0,0,1,0,0,0,0,5,6
/home/arpan/Documents/CBMC/libxslt/libxslt/documents.c,xsltFindDocument,415,2,1,0,1,2,0,0,0,0,0,1,0,1,1,2,4,7
/home/arpan/Documents/CBMC/libxslt/libxslt/extensions.c,xsltNewExtDef,107,1,0,0,0,2,4,0,0,0,0,1,0,0,2,0,1,9
/home/arpan/Documents/CBMC/libxslt/libxslt/extensions.c,xsltFreeExtDef,132,1,0,0,0,1,2,0,0,0,0,1,0,0,3,0,1,7
/home/arpan/Documents/CBMC/libxslt/libxslt/extensions.c,xsltFreeExtDefList,150,1,1,0,1,1,2,0,0,0,0,1,0,0,0,0,3,4
/home/arpan/Documents/CBMC/libxslt/libxslt/extensions.c,xsltNewExtModule,173,1,0,0,0,4,1,0,0,0,0,1,0,0,0,0,1,6
/home/arpan/Documents/CBMC/libxslt/libxslt/extensions.c,xsltFreeExtModule,200,1,0,0,0,1,2,0,0,0,0,1,0,0,1,0,1,5
/home/arpan/Documents/CBMC/libxslt/libxslt/extensions.c,xsltNewExtData,217,1,0,0,0,2,1,0,0,0,0,1,0,0,0,0,1,4
/home/arpan/Documents/CBMC/libxslt/libxslt/extensions.c,xsltFreeExtData,241,1,0,0,0,1,2,0,0,0,0,1,0,0,1,0,1,5
/home/arpan/Documents/CBMC/libxslt/libxslt/extensions.c,xsltNewExtElement,259,1,0,0,0,2,1,0,0,0,0,1,0,0,0,0,1,4
/home/arpan/Documents/CBMC/libxslt/libxslt/extensions.c,xsltFreeExtElement,285,1,0,0,0,1,2,0,0,0,0,1,0,0,1,0,1,5
/home/arpan/Documents/CBMC/libxslt/libxslt/extensions.c,xsltExtModuleRegisterDynamic,459,1,0,0,0,1,0,0,0,0,0,0,0,0,0,0,1,1
/home/arpan/Documents/CBMC/libxslt/libxslt/extensions.c,xsltFreeExts,479,1,0,0,0,1,2,0,0,0,0,1,0,0,1,0,1,5
/home/arpan/Documents/CBMC/libxslt/libxslt/extensions.c,xsltRegisterExtPrefix,503,5,1,0,1,3,7,0,0,0,0,1,0,0,2,0,7,13
/home/arpan/Documents/CBMC/libxslt/libxslt/extensions.c,xsltRegisterExtFunction,587,1,0,0,0,4,4,0,0,0,0,1,0,0,3,0,1,12
/home/arpan/Documents/CBMC/libxslt/libxslt/extensions.c,xsltRegisterExtElement,621,1,0,0,0,4,4,0,0,0,0,1,0,0,3,0,1,12
/home/arpan/Documents/CBMC/libxslt/libxslt/extensions.c,xsltFreeCtxtExts,642,1,0,0,0,1,0,0,0,0,0,0,0,0,0,0,1,1
/home/arpan/Documents/CBMC/libxslt/libxslt/extensions.c,xsltStyleInitializeStylesheetModule,663,2,0,0,0,2,11,0,0,0,0,1,0,1,0,3,2,18
/home/arpan/Documents/CBMC/libxslt/libxslt/extensions.c,xsltStyleGetExtData,756,3,1,0,1,2,3,0,0,0,0,1,0,0,1,0,5,7
/home/arpan/Documents/CBMC/libxslt/libxslt/extensions.c,xsltGetExtData,862,4,0,0,0,2,11,0,0,0,0,1,0,0,0,0,4,14
/home/arpan/Documents/CBMC/libxslt/libxslt/extensions.c,xsltInitCtxtExt,937,2,0,0,0,3,11,0,0,0,0,1,0,1,1,3,2,20
/home/arpan/Documents/CBMC/libxslt/libxslt/extensions.c,xsltInitCtxtExts,1015,3,1,0,1,1,2,0,0,0,0,1,0,0,2,0,5,6
/home/arpan/Documents/CBMC/libxslt/libxslt/extensions.c,xsltShutdownCtxtExt,1055,1,0,0,0,3,3,0,0,0,0,1,0,0,2,0,1,9
/home/arpan/Documents/CBMC/libxslt/libxslt/extensions.c,xsltShutdownCtxtExts,1080,1,0,0,0,1,0,0,0,0,0,1,0,0,2,0,1,4
/home/arpan/Documents/CBMC/libxslt/libxslt/extensions.c,xsltShutdownExt,1101,1,0,0,0,3,3,0,0,0,0,1,0,0,2,0,1,9
/home/arpan/Documents/CBMC/libxslt/libxslt/extensions.c,xsltShutdownExts,1133,1,0,0,0,1,0,0,0,0,0,1,0,0,2,0,1,4
/home/arpan/Documents/CBMC/libxslt/libxslt/extensions.c,xsltCheckExtPrefix,1158,2,1,0,1,2,2,0,0,0,0,1,0,0,1,0,4,6
/home/arpan/Documents/CBMC/libxslt/libxslt/extensions.c,xsltCheckExtURI,1218,2,1,0,1,2,2,0,0,0,0,1,0,0,2,0,4,7
/home/arpan/Documents/CBMC/libxslt/libxslt/extensions.c,xsltRegisterExtModuleFull,1248,3,0,0,0,5,11,0,0,0,0,1,0,0,3,0,3,20
/home/arpan/Documents/CBMC/libxslt/libxslt/extensions.c,xsltRegisterExtModule,1300,1,0,0,0,3,0,0,0,0,0,0,0,0,0,0,1,3
/home/arpan/Documents/CBMC/libxslt/libxslt/extensions.c,xsltUnregisterExtModule,1317,1,0,0,0,1,2,0,0,0,0,1,0,0,2,0,1,6
/home/arpan/Documents/CBMC/libxslt/libxslt/extensions.c,xsltUnregisterAllExtModules,1342,1,0,0,0,0,2,0,0,0,0,1,0,0,1,0,1,4
/home/arpan/Documents/CBMC/libxslt/libxslt/extensions.c,xsltXPathGetTransformContext,1369,1,0,0,0,1,0,0,0,0,0,0,0,0,0,0,1,1
/home/arpan/Documents/CBMC/libxslt/libxslt/extensions.c,xsltRegisterExtModuleFunction,1387,1,0,0,0,3,3,0,0,0,0,1,0,0,3,0,1,10
/home/arpan/Documents/CBMC/libxslt/libxslt/extensions.c,xsltExtModuleFunctionLookup,1418,2,0,0,0,2,2,0,0,0,0,1,0,0,0,0,2,5
/home/arpan/Documents/CBMC/libxslt/libxslt/extensions.c,xsltUnregisterExtModuleFunction,1456,1,0,0,0,2,2,0,0,0,0,1,0,0,1,0,1,6
/home/arpan/Documents/CBMC/libxslt/libxslt/extensions.c,xsltUnregisterAllExtModuleFunction,1478,1,0,0,0,0,2,0,0,0,0,0,0,0,0,0,1,2
/home/arpan/Documents/CBMC/libxslt/libxslt/extensions.c,xsltNewElemPreComp,1500,1,0,0,0,3,3,0,0,0,0,1,0,0,0,0,1,7
/home/arpan/Documents/CBMC/libxslt/libxslt/extensions.c,xsltInitElemPreComp,1533,1,0,0,0,5,0,0,0,0,0,0,0,0,0,0,1,5
/home/arpan/Documents/CBMC/libxslt/libxslt/extensions.c,xsltPreComputeExtModuleElement,1556,1,0,0,0,2,5,0,0,0,0,1,0,0,0,0,1,8
/home/arpan/Documents/CBMC/libxslt/libxslt/extensions.c,xsltRegisterExtModuleElement,1621,1,0,0,0,4,6,0,0,0,0,1,0,0,3,0,1,14
/home/arpan/Documents/CBMC/libxslt/libxslt/extensions.c,xsltExtElementLookup,1666,2,0,0,0,3,2,0,0,0,0,1,0,0,0,0,2,6
/home/arpan/Documents/CBMC/libxslt/libxslt/extensions.c,xsltExtModuleElementLookup,1696,2,0,0,0,2,3,0,0,0,0,1,0,0,0,0,2,6
/home/arpan/Documents/CBMC/libxslt/libxslt/extensions.c,xsltExtModuleElementPreComputeLookup,1739,2,0,0,0,2,3,0,0,0,0,1,0,0,0,0,2,6
/home/arpan/Documents/CBMC/libxslt/libxslt/extensions.c,xsltUnregisterExtModuleElement,1779,1,0,0,0,2,2,0,0,0,0,1,0,0,1,0,1,6
/home/arpan/Documents/CBMC/libxslt/libxslt/extensions.c,xsltUnregisterAllExtModuleElement,1802,1,0,0,0,0,2,0,0,0,0,0,0,0,0,0,1,2
/home/arpan/Documents/CBMC/libxslt/libxslt/extensions.c,xsltRegisterExtModuleTopLevel,1823,1,0,0,0,3,3,0,0,0,0,1,0,0,3,0,1,10
/home/arpan/Documents/CBMC/libxslt/libxslt/extensions.c,xsltExtModuleTopLevelLookup,1854,2,0,0,0,2,3,0,0,0,0,1,0,0,0,0,2,6
/home/arpan/Documents/CBMC/libxslt/libxslt/extensions.c,xsltUnregisterExtModuleTopLevel,1891,1,0,0,0,2,2,0,0,0,0,1,0,0,1,0,1,6
/home/arpan/Documents/CBMC/libxslt/libxslt/extensions.c,xsltUnregisterAllExtModuleTopLevel,1913,1,0,0,0,0,2,0,0,0,0,0,0,0,0,0,1,2
/home/arpan/Documents/CBMC/libxslt/libxslt/extensions.c,xsltGetExtInfo,1933,2,0,0,0,2,2,0,0,0,0,1,0,0,0,0,2,5
/home/arpan/Documents/CBMC/libxslt/libxslt/extensions.c,xsltExtFunctionTest,1975,2,0,0,0,2,2,0,0,0,0,1,0,1,0,1,2,7
/home/arpan/Documents/CBMC/libxslt/libxslt/extensions.c,xsltExtElementPreCompTest,2025,4,0,0,0,3,4,0,0,0,0,1,0,0,0,0,4,8
/home/arpan/Documents/CBMC/libxslt/libxslt/extensions.c,xsltExtElementTest,2069,2,0,0,0,4,2,0,0,0,0,1,0,0,0,0,2,7
/home/arpan/Documents/CBMC/libxslt/libxslt/extensions.c,xsltExtInitTest,2121,2,0,0,0,2,4,0,0,0,0,1,0,0,0,0,2,7
/home/arpan/Documents/CBMC/libxslt/libxslt/extensions.c,xsltExtShutdownTest,2155,1,0,0,0,3,2,0,0,0,0,1,0,1,0,1,1,8
/home/arpan/Documents/CBMC/libxslt/libxslt/extensions.c,xsltExtStyleInitTest,2182,1,0,0,0,1,0,0,0,0,0,1,0,0,0,0,1,2
/home/arpan/Documents/CBMC/libxslt/libxslt/extensions.c,xsltExtStyleShutdownTest,2206,1,0,0,0,1,2,0,0,0,0,1,0,0,0,0,1,4
/home/arpan/Documents/CBMC/libxslt/libxslt/extensions.c,xsltRegisterTestModule,2229,1,0,0,0,0,1,0,0,0,0,0,0,0,0,0,1,1
/home/arpan/Documents/CBMC/libxslt/libxslt/extensions.c,xsltHashScannerModuleFree,2246,1,0,0,0,1,0,0,0,0,0,0,0,0,0,0,1,1
/home/arpan/Documents/CBMC/libxslt/libxslt/extensions.c,xsltInitGlobals,2261,1,0,0,0,0,1,0,0,0,0,1,0,0,0,0,1,2
/home/arpan/Documents/CBMC/libxslt/libxslt/extensions.c,xsltCleanupGlobals,2274,1,0,0,0,0,11,0,0,0,0,1,0,0,0,0,1,12
/home/arpan/Documents/CBMC/libxslt/libxslt/extensions.c,xsltDebugDumpExtensionsCallback,2297,1,0,0,0,1,0,0,0,0,0,1,0,0,1,0,1,3
/home/arpan/Documents/CBMC/libxslt/libxslt/extensions.c,xsltDebugDumpExtModulesCallback,2308,1,0,0,0,1,0,0,0,0,0,1,0,0,1,0,1,3
/home/arpan/Documents/CBMC/libxslt/libxslt/extensions.c,xsltDebugDumpExtensions,2325,1,0,0,0,1,3,0,0,0,0,1,0,0,0,0,1,5
/home/arpan/Documents/CBMC/libxslt/libxslt/extra.c,xsltDebug,58,12,2,0,1,2,6,0,0,0,0,1,0,2,0,2,15,13
/home/arpan/Documents/CBMC/libxslt/libxslt/extra.c,xsltFunctionNodeSet,131,1,0,0,0,2,0,0,0,0,0,1,0,1,0,1,1,5
/home/arpan/Documents/CBMC/libxslt/libxslt/extra.c,xsltRegisterExtras,287,1,0,0,0,1,1,0,0,0,0,0,0,0,0,0,1,2
/home/arpan/Documents/CBMC/libxslt/libxslt/extra.c,xsltRegisterAllExtras,297,1,0,0,0,0,0,0,0,0,0,0,0,0,0,0,1,0
/home/arpan/Documents/CBMC/libxslt/libxslt/functions.c,xsltXPathFunctionLookup,68,1,0,0,0,3,0,0,0,0,0,0,0,0,0,0,1,3
/home/arpan/Documents/CBMC/libxslt/libxslt/functions.c,xsltDocumentFunctionLoadDocument,105,2,0,0,0,2,1,0,0,0,0,1,0,0,1,0,2,5
/home/arpan/Documents/CBMC/libxslt/libxslt/functions.c,xsltDocumentFunction,225,10,0,0,0,2,1,0,0,0,0,1,0,2,0,1,10,7
/home/arpan/Documents/CBMC/libxslt/libxslt/functions.c,xsltKeyFunction,359,15,0,0,0,2,1,0,0,0,0,1,0,1,0,1,15,6
/home/arpan/Documents/CBMC/libxslt/libxslt/functions.c,xsltUnparsedEntityURIFunction,556,2,0,0,0,2,2,0,0,0,0,1,0,0,0,0,2,5
/home/arpan/Documents/CBMC/libxslt/libxslt/functions.c,xsltFormatNumberFunction,599,6,0,0,0,2,0,0,0,0,0,1,0,1,2,1,6,7
/home/arpan/Documents/CBMC/libxslt/libxslt/functions.c,xsltGenerateIdFunction,662,5,0,0,0,2,2,0,0,0,0,1,0,1,0,2,5,8
/home/arpan/Documents/CBMC/libxslt/libxslt/functions.c,xsltSystemPropertyFunction,738,9,0,0,0,2,0,0,0,0,0,1,0,1,0,1,9,5
/home/arpan/Documents/CBMC/libxslt/libxslt/functions.c,xsltElementAvailableFunction,832,2,0,0,0,2,3,0,0,0,0,1,0,1,0,1,2,8
/home/arpan/Documents/CBMC/libxslt/libxslt/functions.c,xsltFunctionAvailableFunction,899,2,0,0,0,2,3,0,0,0,0,1,0,1,0,1,2,8
/home/arpan/Documents/CBMC/libxslt/libxslt/functions.c,xsltCurrentFunction,952,1,0,0,0,2,3,0,0,0,0,1,0,1,0,1,1,8
/home/arpan/Documents/CBMC/libxslt/libxslt/functions.c,xsltRegisterAllFunctions,984,1,0,0,0,1,0,0,0,0,0,0,0,0,0,0,1,1
/home/arpan/Documents/CBMC/libxslt/libxslt/imports.c,xsltFixImportedCompSteps,65,1,0,0,0,2,0,0,0,0,0,0,0,0,0,0,1,2
/home/arpan/Documents/CBMC/libxslt/libxslt/imports.c,xsltParseStylesheetImport,87,5,1,0,1,2,6,0,0,0,0,1,0,0,1,0,7,10
/home/arpan/Documents/CBMC/libxslt/libxslt/imports.c,xsltParseStylesheetInclude,184,2,1,0,1,2,2,0,0,0,0,1,0,0,1,0,4,6
/home/arpan/Documents/CBMC/libxslt/libxslt/imports.c,xsltNextImport,288,3,1,0,1,1,0,0,0,0,0,1,0,0,2,0,5,4
/home/arpan/Documents/CBMC/libxslt/libxslt/imports.c,xsltNeedElemSpaceHandling,313,2,1,0,1,1,2,0,0,0,0,1,0,0,1,0,4,5
/home/arpan/Documents/CBMC/libxslt/libxslt/imports.c,xsltFindElemSpaceHandling,340,8,1,0,1,2,2,0,0,0,0,1,0,0,1,0,10,6
/home/arpan/Documents/CBMC/libxslt/libxslt/imports.c,xsltFindTemplate,394,4,1,0,1,3,4,0,0,0,0,1,0,0,0,0,6,8
/home/arpan/Documents/CBMC/libxslt/libxslt/keys.c,xsltNewKeyDef,56,1,0,0,0,2,4,0,0,0,0,1,0,0,2,0,1,9
/home/arpan/Documents/CBMC/libxslt/libxslt/keys.c,xsltFreeKeyDef,81,1,0,0,0,1,4,0,0,0,0,1,0,0,8,0,1,14
/home/arpan/Documents/CBMC/libxslt/libxslt/keys.c,xsltFreeKeyDefList,109,1,1,0,1,1,2,0,0,0,0,1,0,0,0,0,3,4
/home/arpan/Documents/CBMC/libxslt/libxslt/keys.c,xsltNewKeyTable,129,1,0,0,0,2,5,0,0,0,0,1,0,0,2,0,1,10
/home/arpan/Documents/CBMC/libxslt/libxslt/keys.c,xsltFreeKeyTable,154,1,0,0,0,1,3,0,0,0,0,1,0,0,3,0,1,8
/home/arpan/Documents/CBMC/libxslt/libxslt/keys.c,xsltFreeKeyTableList,175,1,1,0,1,1,2,0,0,0,0,1,0,0,0,0,3,4
/home/arpan/Documents/CBMC/libxslt/libxslt/keys.c,xsltFreeKeys,199,1,0,0,0,1,2,0,0,0,0,1,0,1,1,1,1,7
/home/arpan/Documents/CBMC/libxslt/libxslt/keys.c,skipString,214,3,1,0,1,2,0,0,0,0,0,1,0,2,2,1,5,8
/home/arpan/Documents/CBMC/libxslt/libxslt/keys.c,skipPredicate,239,7,1,0,1,2,1,0,0,0,0,1,0,2,2,1,9,9
/home/arpan/Documents/CBMC/libxslt/libxslt/keys.c,xsltAddKey,275,20,1,0,1,6,6,0,0,0,0,1,0,1,1,1,22,16
/home/arpan/Documents/CBMC/libxslt/libxslt/keys.c,xsltGetKey,426,4,1,0,1,4,2,0,0,0,0,1,0,2,0,2,6,11
/home/arpan/Documents/CBMC/libxslt/libxslt/keys.c,xsltInitDocKeyTable,488,4,1,0,1,3,5,0,0,0,0,1,0,1,0,1,6,11
/home/arpan/Documents/CBMC/libxslt/libxslt/keys.c,xsltInitAllDocKeys,544,5,1,0,1,1,5,0,0,0,0,1,0,1,2,2,7,12
/home/arpan/Documents/CBMC/libxslt/libxslt/keys.c,xsltInitCtxtKey,613,4,1,0,1,3,1,0,0,0,0,1,0,1,2,1,6,9
/home/arpan/Documents/CBMC/libxslt/libxslt/keys.c,xsltInitCtxtKeys,889,2,1,0,1,2,6,0,0,0,0,1,0,0,1,0,4,10
/home/arpan/Documents/CBMC/libxslt/libxslt/keys.c,xsltFreeDocumentKeys,930,1,0,0,0,1,2,0,0,0,0,1,0,0,1,0,1,5
/home/arpan/Documents/CBMC/libxslt/libxslt/namespaces.c,xsltNamespaceAlias,93,8,0,0,0,2,1,0,0,0,0,1,0,0,1,0,8,5
/home/arpan/Documents/CBMC/libxslt/libxslt/namespaces.c,xsltGetSpecialNamespace,337,21,0,0,0,5,1,0,0,0,0,1,0,1,0,1,21,9
/home/arpan/Documents/CBMC/libxslt/libxslt/namespaces.c,xsltGetNamespace,634,5,0,0,0,4,3,0,0,0,0,0,0,0,0,0,5,7
/home/arpan/Documents/CBMC/libxslt/libxslt/namespaces.c,xsltGetPlainNamespace,707,1,0,0,0,4,1,0,0,0,0,0,0,0,0,0,1,5
/home/arpan/Documents/CBMC/libxslt/libxslt/namespaces.c,xsltCopyNamespaceList,735,9,1,0,1,3,0,0,0,0,0,1,0,0,0,0,11,4
/home/arpan/Documents/CBMC/libxslt/libxslt/namespaces.c,xsltCopyNamespace,825,1,0,0,0,1,0,0,0,0,0,0,0,0,0,0,1,1
/home/arpan/Documents/CBMC/libxslt/libxslt/namespaces.c,xsltFreeNamespaceAliasHashes,847,1,0,0,0,1,0,0,0,0,0,0,0,0,0,0,1,1
/home/arpan/Documents/CBMC/libxslt/libxslt/numbers.c,xsltUTF8Size,80,1,0,0,0,1,0,0,0,0,0,1,0,0,3,0,1,5
/home/arpan/Documents/CBMC/libxslt/libxslt/numbers.c,xsltUTF8Charcmp,110,2,0,0,0,2,1,0,0,0,0,1,0,0,0,0,2,4
/home/arpan/Documents/CBMC/libxslt/libxslt/numbers.c,xsltIsDigitZero,138,28,0,0,0,1,0,0,0,0,0,1,0,1,0,1,28,4
/home/arpan/Documents/CBMC/libxslt/libxslt/numbers.c,xsltNumberFormatDecimal,156,14,1,0,1,7,5,0,0,0,0,1,0,1,1,1,16,16
/home/arpan/Documents/CBMC/libxslt/libxslt/numbers.c,xsltNumberFormatAlpha,230,3,1,0,1,3,6,2,1,2,0,1,0,1,0,1,5,17
/home/arpan/Documents/CBMC/libxslt/libxslt/numbers.c,xsltNumberFormatRoman,256,14,7,0,1,3,2,0,0,0,0,1,0,13,0,1,22,20
/home/arpan/Documents/CBMC/libxslt/libxslt/numbers.c,xsltNumberFormatTokenize,318,14,2,0,1,2,8,0,0,0,0,1,0,1,1,2,17,15
/home/arpan/Documents/CBMC/libxslt/libxslt/numbers.c,xsltNumberFormatInsertNumbers,424,77,1,0,1,5,12,0,0,0,0,1,0,1,2,2,79,23
/home/arpan/Documents/CBMC/libxslt/libxslt/numbers.c,xsltNumberFormatGetAnyLevel,535,9,1,0,1,7,0,0,0,0,0,1,0,0,0,0,11,8
/home/arpan/Documents/CBMC/libxslt/libxslt/numbers.c,xsltNumberFormatGetMultipleLevel,613,1,0,0,0,8,0,0,0,0,0,1,0,0,0,0,1,9
/home/arpan/Documents/CBMC/libxslt/libxslt/numbers.c,xsltNumberFormatGetValue,676,2,0,0,0,4,0,0,0,0,0,1,0,0,0,0,2,5
/home/arpan/Documents/CBMC/libxslt/libxslt/numbers.c,xsltNumberFormat,712,11,1,0,1,3,9,0,0,0,0,1,0,1,3,3,13,20
/home/arpan/Documents/CBMC/libxslt/libxslt/numbers.c,xsltFormatNumberPreSuffix,829,385,1,0,1,3,1,0,0,0,0,1,0,0,0,0,387,5
/home/arpan/Documents/CBMC/libxslt/libxslt/numbers.c,xsltFormatNumberConversion,920,502,4,0,1,4,14,0,0,0,0,1,0,3,0,9,507,31
/home/arpan/Documents/CBMC/libxslt/libxslt/pattern.c,xsltNewCompMatch,144,1,0,0,0,0,4,0,0,0,0,1,0,0,0,0,1,5
/home/arpan/Documents/CBMC/libxslt/libxslt/pattern.c,xsltFreeCompMatch,177,5,1,0,1,1,5,0,0,0,0,1,0,1,2,2,7,12
/home/arpan/Documents/CBMC/libxslt/libxslt/pattern.c,xsltFreeCompMatchList,210,1,1,0,1,1,2,0,0,0,0,1,0,0,0,0,3,4
/home/arpan/Documents/CBMC/libxslt/libxslt/pattern.c,xsltNormalizeCompSteps,229,1,1,0,1,3,0,0,0,0,0,1,0,1,0,2,3,7
/home/arpan/Documents/CBMC/libxslt/libxslt/pattern.c,xsltNewParserContext,252,1,0,0,0,2,3,0,0,0,0,1,0,0,0,0,1,6
/home/arpan/Documents/CBMC/libxslt/libxslt/pattern.c,xsltFreeParserContext,274,1,0,0,0,1,3,0,0,0,0,1,0,0,1,0,1,6
/home/arpan/Documents/CBMC/libxslt/libxslt/pattern.c,xsltCompMatchAdd,294,7,0,0,0,6,8,0,0,0,0,1,0,1,0,3,7,19
/home/arpan/Documents/CBMC/libxslt/libxslt/pattern.c,xsltSwapTopCompMatch,369,1,0,0,0,1,0,0,0,0,0,1,0,1,0,1,1,4
/home/arpan/Documents/CBMC/libxslt/libxslt/pattern.c,xsltReverseCompMatch,414,4,2,0,1,2,0,0,0,0,0,1,0,2,0,3,7,8
/home/arpan/Documents/CBMC/libxslt/libxslt/pattern.c,xsltPatPushState,483,3,0,0,0,4,5,0,0,0,0,1,0,0,0,0,3,10
/home/arpan/Documents/CBMC/libxslt/libxslt/pattern.c,xsltTestCompMatchDirect,526,5,0,0,0,5,0,0,0,0,0,1,0,1,1,1,5,9
/home/arpan/Documents/CBMC/libxslt/libxslt/pattern.c,xsltTestCompMatch,636,148,0,0,0,5,8,0,0,0,0,1,0,1,0,1,148,16
/home/arpan/Documents/CBMC/libxslt/libxslt/pattern.c,xsltTestCompMatchList,1212,2,1,0,1,3,0,0,0,0,0,1,0,0,1,0,4,5
/home/arpan/Documents/CBMC/libxslt/libxslt/pattern.c,xsltScanLiteral,1272,12,1,0,1,1,4,0,0,0,0,1,0,2,0,2,14,10
/home/arpan/Documents/CBMC/libxslt/libxslt/pattern.c,xsltScanNCName,1328,23,2,0,1,1,7,0,0,0,0,1,0,1,0,7,26,17
/home/arpan/Documents/CBMC/libxslt/libxslt/pattern.c,xsltCompileIdKeyPattern,1371,160,0,0,0,5,2,0,0,0,0,1,0,1,0,1,160,10
/home/arpan/Documents/CBMC/libxslt/libxslt/pattern.c,xsltCompileStepPattern,1550,257,3,0,1,3,7,0,0,0,0,1,0,4,0,2,261,17
/home/arpan/Documents/CBMC/libxslt/libxslt/pattern.c,xsltCompileRelativePathPattern,1752,129,2,0,1,3,4,0,0,0,0,1,0,3,1,2,132,14
/home/arpan/Documents/CBMC/libxslt/libxslt/pattern.c,xsltCompileLocationPathPattern,1795,221,1,0,1,2,2,0,0,0,0,1,0,2,0,2,223,9
/home/arpan/Documents/CBMC/libxslt/libxslt/pattern.c,xsltCompilePatternInternal,1873,48,1,0,1,6,19,0,0,0,0,1,0,1,1,2,50,30
/home/arpan/Documents/CBMC/libxslt/libxslt/pattern.c,xsltCompilePattern,2048,1,0,0,0,5,3,0,0,0,0,0,0,0,0,0,1,8
/home/arpan/Documents/CBMC/libxslt/libxslt/pattern.c,xsltAddTemplate,2072,35,1,0,1,4,7,0,0,0,0,1,0,1,2,1,37,16
/home/arpan/Documents/CBMC/libxslt/libxslt/pattern.c,xsltComputeAllKeys,2235,3,0,0,0,2,2,0,0,0,0,1,0,0,0,0,3,5
/home/arpan/Documents/CBMC/libxslt/libxslt/pattern.c,xsltGetTemplate,2280,38,1,0,1,3,6,0,0,0,0,1,0,0,0,0,40,10
/home/arpan/Documents/CBMC/libxslt/libxslt/pattern.c,xsltCleanupTemplates,2525,1,0,0,0,1,0,0,0,0,0,0,0,0,0,0,1,1
/home/arpan/Documents/CBMC/libxslt/libxslt/pattern.c,xsltFreeTemplateHashes,2535,1,0,0,0,1,2,0,0,0,0,1,0,0,8,0,1,12
/home/arpan/Documents/CBMC/libxslt/libxslt/preproc.c,xsltCheckTopLevelElement,72,3,0,0,0,3,0,0,0,0,0,1,0,0,1,0,3,5
/home/arpan/Documents/CBMC/libxslt/libxslt/preproc.c,xsltCheckInstructionElement,110,3,1,0,1,2,0,0,0,0,0,1,0,0,1,0,5,4
/home/arpan/Documents/CBMC/libxslt/libxslt/preproc.c,xsltCheckParentElement,165,3,0,0,0,4,0,0,0,0,0,1,0,0,1,0,3,6
/home/arpan/Documents/CBMC/libxslt/libxslt/preproc.c,xsltNewStylePreComp,225,24,0,0,0,2,3,0,0,0,0,1,0,1,0,1,24,8
/home/arpan/Documents/CBMC/libxslt/libxslt/preproc.c,xsltFreeStylePreComp,381,1,0,0,0,1,5,0,0,0,0,1,0,1,6,1,1,15
/home/arpan/Documents/CBMC/libxslt/libxslt/preproc.c,xsltDocumentComp,532,7,0,0,0,3,3,0,0,0,0,1,0,1,0,1,7,9
/home/arpan/Documents/CBMC/libxslt/libxslt/preproc.c,xsltSortComp,677,12,0,0,0,2,4,0,0,0,0,1,0,0,2,0,12,9
/home/arpan/Documents/CBMC/libxslt/libxslt/preproc.c,xsltCopyComp,784,1,0,0,0,2,3,0,0,0,0,1,0,0,3,0,1,9
/home/arpan/Documents/CBMC/libxslt/libxslt/preproc.c,xsltTextComp,827,4,0,0,0,2,3,0,0,0,0,1,0,0,2,0,4,8
/home/arpan/Documents/CBMC/libxslt/libxslt/preproc.c,xsltElementComp,873,6,0,0,0,2,5,0,0,0,0,1,0,1,2,1,6,12
/home/arpan/Documents/CBMC/libxslt/libxslt/preproc.c,xsltAttributeComp,991,6,0,0,0,2,5,0,0,0,0,1,0,1,2,1,6,12
/home/arpan/Documents/CBMC/libxslt/libxslt/preproc.c,xsltCommentComp,1101,1,0,0,0,2,3,0,0,0,0,1,0,0,2,0,1,8
/home/arpan/Documents/CBMC/libxslt/libxslt/preproc.c,xsltProcessingInstructionComp,1131,1,0,0,0,2,3,0,0,0,0,1,0,0,2,0,1,8
/home/arpan/Documents/CBMC/libxslt/libxslt/preproc.c,xsltCopyOfComp,1165,3,0,0,0,2,4,0,0,0,0,1,0,0,2,0,3,9
/home/arpan/Documents/CBMC/libxslt/libxslt/preproc.c,xsltValueOfComp,1211,6,0,0,0,2,4,0,0,0,0,1,0,0,2,0,6,9
/home/arpan/Documents/CBMC/libxslt/libxslt/preproc.c,xsltGetQNameProperty,1264,7,0,0,0,7,3,0,0,0,0,1,0,1,1,1,7,14
/home/arpan/Documents/CBMC/libxslt/libxslt/preproc.c,xsltWithParamComp,1337,3,0,0,0,2,4,0,0,0,0,1,0,1,3,1,3,12
/home/arpan/Documents/CBMC/libxslt/libxslt/preproc.c,xsltNumberComp,1395,12,0,0,0,2,11,0,0,0,0,1,0,1,3,1,12,19
/home/arpan/Documents/CBMC/libxslt/libxslt/preproc.c,xsltApplyImportsComp,1522,1,0,0,0,2,3,0,0,0,0,1,0,0,2,0,1,8
/home/arpan/Documents/CBMC/libxslt/libxslt/preproc.c,xsltCallTemplateComp,1552,1,0,0,0,2,3,0,0,0,0,1,0,1,3,1,1,11
/home/arpan/Documents/CBMC/libxslt/libxslt/preproc.c,xsltApplyTemplatesComp,1591,2,0,0,0,2,4,0,0,0,0,1,0,0,2,0,2,9
/home/arpan/Documents/CBMC/libxslt/libxslt/preproc.c,xsltChooseComp,1643,1,0,0,0,2,3,0,0,0,0,1,0,0,2,0,1,8
/home/arpan/Documents/CBMC/libxslt/libxslt/preproc.c,xsltIfComp,1674,3,0,0,0,2,4,0,0,0,0,1,0,0,2,0,3,9
/home/arpan/Documents/CBMC/libxslt/libxslt/preproc.c,xsltWhenComp,1720,3,0,0,0,2,4,0,0,0,0,1,0,0,2,0,3,9
/home/arpan/Documents/CBMC/libxslt/libxslt/preproc.c,xsltForEachComp,1766,4,0,0,0,2,4,0,0,0,0,1,0,0,2,0,4,9
/home/arpan/Documents/CBMC/libxslt/libxslt/preproc.c,xsltVariableComp,1814,2,0,0,0,2,4,0,0,0,0,1,0,1,3,1,2,12
/home/arpan/Documents/CBMC/libxslt/libxslt/preproc.c,xsltParamComp,1893,3,0,0,0,2,4,0,0,0,0,1,0,1,3,1,3,12
/home/arpan/Documents/CBMC/libxslt/libxslt/preproc.c,xsltFreeStylePreComps,1957,2,1,0,1,1,2,0,0,0,0,1,0,0,1,0,4,5
/home/arpan/Documents/CBMC/libxslt/libxslt/preproc.c,xsltStylePreCompute,2197,45,0,0,0,2,24,0,0,0,0,1,0,0,1,0,45,28
/home/arpan/Documents/CBMC/libxslt/libxslt/security.c,xsltNewSecurityPrefs,89,1,0,0,0,0,4,0,0,0,0,1,0,0,0,0,1,5
/home/arpan/Documents/CBMC/libxslt/libxslt/security.c,xsltFreeSecurityPrefs,111,1,0,0,0,1,2,0,0,0,0,1,0,0,1,0,1,5
/home/arpan/Documents/CBMC/libxslt/libxslt/security.c,xsltSetSecurityPrefs,128,6,0,0,0,3,1,0,0,0,0,1,0,1,1,1,6,8
/home/arpan/Documents/CBMC/libxslt/libxslt/security.c,xsltGetSecurityPrefs,158,6,0,0,0,2,0,0,0,0,0,1,0,1,0,1,6,5
/home/arpan/Documents/CBMC/libxslt/libxslt/security.c,xsltSetDefaultSecurityPrefs,183,1,0,0,0,1,0,0,0,0,0,0,0,0,0,0,1,1
/home/arpan/Documents/CBMC/libxslt/libxslt/security.c,xsltGetDefaultSecurityPrefs,196,1,0,0,0,0,0,0,0,0,0,0,0,0,0,0,1,0
/home/arpan/Documents/CBMC/libxslt/libxslt/security.c,xsltSetCtxtSecurityPrefs,210,1,0,0,0,2,0,0,0,0,0,1,0,0,1,0,1,4
/home/arpan/Documents/CBMC/libxslt/libxslt/security.c,xsltSecurityAllow,230,1,0,0,0,1,0,0,0,0,0,0,0,0,0,0,1,1
/home/arpan/Documents/CBMC/libxslt/libxslt/security.c,xsltSecurityForbid,247,1,0,0,0,1,0,0,0,0,0,0,0,0,0,0,1,1
/home/arpan/Documents/CBMC/libxslt/libxslt/security.c,xsltCheckFilename,278,1,0,0,0,1,0,0,0,0,0,0,0,0,0,0,1,1
/home/arpan/Documents/CBMC/libxslt/libxslt/security.c,xsltCheckWritePath,306,7,0,0,0,3,13,0,0,0,0,1,0,0,0,0,7,17
/home/arpan/Documents/CBMC/libxslt/libxslt/security.c,xsltCheckWrite,368,5,0,0,0,3,5,0,0,0,0,1,0,0,0,0,5,9
/home/arpan/Documents/CBMC/libxslt/libxslt/security.c,xsltCheckRead,433,5,0,0,0,3,6,0,0,0,0,1,0,0,0,0,5,10
/home/arpan/Documents/CBMC/libxslt/libxslt/templates.c,xsltEvalXPathPredicate,57,1,0,0,0,4,0,0,0,0,0,1,0,0,0,0,1,5
/home/arpan/Documents/CBMC/libxslt/libxslt/templates.c,xsltEvalXPathStringNs,117,2,0,0,0,4,0,0,0,0,0,1,0,0,0,0,2,5
/home/arpan/Documents/CBMC/libxslt/libxslt/templates.c,xsltEvalXPathString,177,1,0,0,0,2,0,0,0,0,0,0,0,0,0,0,1,2
/home/arpan/Documents/CBMC/libxslt/libxslt/templates.c,xsltEvalTemplateString,195,1,0,0,0,3,0,0,0,0,0,1,0,0,0,0,1,4
/home/arpan/Documents/CBMC/libxslt/libxslt/templates.c,xsltAttrTemplateValueProcessNode,258,19,1,0,1,3,0,0,0,0,0,1,0,0,0,0,21,4
/home/arpan/Documents/CBMC/libxslt/libxslt/templates.c,xsltAttrTemplateValueProcess,369,1,0,0,0,2,0,0,0,0,0,0,0,0,0,0,1,2
/home/arpan/Documents/CBMC/libxslt/libxslt/templates.c,xsltEvalAttrValueTemplate,389,1,0,0,0,4,0,0,0,0,0,0,0,0,0,0,1,4
/home/arpan/Documents/CBMC/libxslt/libxslt/templates.c,xsltEvalStaticAttrValueTemplate,435,1,0,0,0,5,0,0,0,0,0,1,0,0,0,0,1,6
/home/arpan/Documents/CBMC/libxslt/libxslt/templates.c,xsltAttrTemplateProcess,476,10,1,0,1,3,0,0,0,0,0,1,0,0,0,0,12,4
/home/arpan/Documents/CBMC/libxslt/libxslt/templates.c,xsltAttrListTemplateProcess,632,16,2,0,1,3,0,0,0,0,0,1,0,0,0,0,19,4
/home/arpan/Documents/CBMC/libxslt/libxslt/templates.c,xsltTemplateProcess,836,1,0,0,0,1,0,0,0,0,0,0,0,0,0,0,1,1
/home/arpan/Documents/CBMC/libxslt/libxslt/transform.c,templPush,118,4,0,0,0,2,3,0,0,0,0,1,0,1,0,1,4,8
/home/arpan/Documents/CBMC/libxslt/libxslt/transform.c,templPop,154,1,0,0,0,1,0,0,0,0,0,1,0,2,2,1,1,7
/home/arpan/Documents/CBMC/libxslt/libxslt/transform.c,xsltLocalVariablePop,183,4,1,0,1,3,2,0,0,0,0,1,0,2,2,1,6,11
/home/arpan/Documents/CBMC/libxslt/libxslt/transform.c,xsltTemplateParamsCleanup,213,2,1,0,1,1,2,0,0,0,0,1,0,2,1,1,4,8
/home/arpan/Documents/CBMC/libxslt/libxslt/transform.c,profPush,243,4,0,0,0,2,3,0,0,0,0,1,0,1,0,1,4,8
/home/arpan/Documents/CBMC/libxslt/libxslt/transform.c,profPop,277,1,0,0,0,1,0,0,0,0,0,1,0,2,2,1,1,7
/home/arpan/Documents/CBMC/libxslt/libxslt/transform.c,profCallgraphAdd,294,5,1,0,1,2,3,0,0,0,0,1,0,3,0,2,7,11
/home/arpan/Documents/CBMC/libxslt/libxslt/transform.c,xsltSetXIncludeDefault,356,1,0,0,0,1,0,0,0,0,0,0,0,0,0,0,1,1
/home/arpan/Documents/CBMC/libxslt/libxslt/transform.c,xsltGetXIncludeDefault,368,1,0,0,0,0,0,0,0,0,0,0,0,0,0,0,1,0
/home/arpan/Documents/CBMC/libxslt/libxslt/transform.c,xsltDebugSetDefaultTrace,380,1,0,0,0,1,0,0,0,0,0,0,0,0,0,0,1,1
/home/arpan/Documents/CBMC/libxslt/libxslt/transform.c,xsltDebugGetDefaultTrace,391,1,0,0,0,0,0,0,0,0,0,0,0,0,0,0,1,0
/home/arpan/Documents/CBMC/libxslt/libxslt/transform.c,xsltTransformCacheCreate,402,1,0,0,0,0,3,0,0,0,0,1,0,0,0,0,1,4
/home/arpan/Documents/CBMC/libxslt/libxslt/transform.c,xsltTransformCacheFree,417,4,0,0,0,1,5,0,0,0,0,1,0,2,1,1,4,11
/home/arpan/Documents/CBMC/libxslt/libxslt/transform.c,xsltNewTransformContext,467,4,0,0,0,2,19,0,0,0,0,1,0,1,3,5,4,31
/home/arpan/Documents/CBMC/libxslt/libxslt/transform.c,xsltFreeTransformContext,621,3,0,0,0,1,12,0,0,0,0,1,0,0,4,0,3,18
/home/arpan/Documents/CBMC/libxslt/libxslt/transform.c,xsltAddChild,686,1,0,0,0,2,1,0,0,0,0,1,0,0,0,0,1,4
/home/arpan/Documents/CBMC/libxslt/libxslt/transform.c,xsltAddTextString,712,3,0,0,0,4,5,0,0,0,0,1,0,1,1,1,3,13
/home/arpan/Documents/CBMC/libxslt/libxslt/transform.c,xsltCopyTextString,765,5,0,0,0,4,3,0,0,0,0,1,0,0,0,0,5,8
/home/arpan/Documents/CBMC/libxslt/libxslt/transform.c,xsltCopyText,861,10,0,0,0,4,3,0,0,0,0,1,0,0,0,0,10,8
/home/arpan/Documents/CBMC/libxslt/libxslt/transform.c,xsltShallowCopyAttr,1035,2,0,0,0,4,0,0,0,0,0,1,0,0,0,0,2,5
/home/arpan/Documents/CBMC/libxslt/libxslt/transform.c,xsltCopyAttrListNoOverwrite,1134,7,1,0,1,4,0,0,0,0,0,1,0,0,0,0,9,5
/home/arpan/Documents/CBMC/libxslt/libxslt/transform.c,xsltShallowCopyElem,1210,6,0,0,0,4,1,0,0,0,0,1,0,0,1,0,6,7
/home/arpan/Documents/CBMC/libxslt/libxslt/transform.c,xsltCopyTreeList,1297,3,1,0,1,6,0,0,0,0,0,1,0,0,0,0,5,7
/home/arpan/Documents/CBMC/libxslt/libxslt/transform.c,xsltCopyNamespaceListInternal,1333,7,1,0,1,2,0,0,0,0,0,1,0,0,0,0,9,3
/home/arpan/Documents/CBMC/libxslt/libxslt/transform.c,xsltShallowCopyNsNode,1390,6,0,0,0,4,1,0,0,0,0,1,0,0,0,0,6,6
/home/arpan/Documents/CBMC/libxslt/libxslt/transform.c,xsltCopyTreeInternal,1501,17,0,0,0,6,2,0,0,0,0,1,0,0,0,0,17,9
/home/arpan/Documents/CBMC/libxslt/libxslt/transform.c,xsltCopyTree,1707,1,0,0,0,4,2,0,0,0,0,0,0,0,0,0,1,6
/home/arpan/Documents/CBMC/libxslt/libxslt/transform.c,xsltApplyFallbacks,1731,2,1,0,1,3,0,0,0,0,0,1,0,0,1,0,4,5
/home/arpan/Documents/CBMC/libxslt/libxslt/transform.c,xsltDefaultProcessOneNode,1787,16,2,0,1,3,0,0,0,0,0,1,0,1,1,2,19,8
/home/arpan/Documents/CBMC/libxslt/libxslt/transform.c,xsltProcessOneNode,2030,1,0,0,0,3,5,0,0,0,0,1,0,0,0,0,1,9
/home/arpan/Documents/CBMC/libxslt/libxslt/transform.c,xsltDebuggerStartSequenceConstructor,2104,9,0,0,0,5,4,0,0,0,0,1,0,1,0,2,9,13
/home/arpan/Documents/CBMC/libxslt/libxslt/transform.c,xsltLocalVariablePush,2152,3,0,0,0,3,3,0,0,0,0,1,0,2,0,1,3,10
/home/arpan/Documents/CBMC/libxslt/libxslt/transform.c,xsltReleaseLocalRVTs,2190,5,1,0,1,2,3,0,0,0,0,1,0,0,0,0,7,6
/home/arpan/Documents/CBMC/libxslt/libxslt/transform.c,xsltApplySequenceConstructor,2236,40,1,0,1,4,8,0,0,0,0,1,0,1,3,2,42,19
/home/arpan/Documents/CBMC/libxslt/libxslt/transform.c,xsltApplyXSLTTemplate,2944,14,1,0,1,5,16,0,0,0,0,1,0,8,4,3,16,37
/home/arpan/Documents/CBMC/libxslt/libxslt/transform.c,xsltApplyOneTemplate,3224,2,0,0,0,4,5,0,0,0,0,1,0,1,2,2,2,15
/home/arpan/Documents/CBMC/libxslt/libxslt/transform.c,xsltDocumentElem,3274,67,0,0,0,4,18,0,0,0,0,1,0,1,4,2,67,30
/home/arpan/Documents/CBMC/libxslt/libxslt/transform.c,xsltSort,3789,1,0,0,0,2,0,0,0,0,0,1,0,0,0,0,1,3
/home/arpan/Documents/CBMC/libxslt/libxslt/transform.c,xsltCopy,3811,5,0,0,0,4,4,0,0,0,0,1,0,0,0,0,5,9
/home/arpan/Documents/CBMC/libxslt/libxslt/transform.c,xsltText,3930,4,0,0,0,2,0,0,0,0,0,1,0,0,0,0,4,3
/home/arpan/Documents/CBMC/libxslt/libxslt/transform.c,xsltElement,3967,13,0,0,0,4,3,0,0,0,0,1,0,3,2,2,13,15
/home/arpan/Documents/CBMC/libxslt/libxslt/transform.c,xsltComment,4170,2,0,0,0,4,0,0,0,0,0,1,0,1,0,1,2,7
/home/arpan/Documents/CBMC/libxslt/libxslt/transform.c,xsltProcessingInstruction,4214,2,0,0,0,4,0,0,0,0,0,1,0,1,2,1,2,9
/home/arpan/Documents/CBMC/libxslt/libxslt/transform.c,xsltCopyOf,4280,7,0,0,0,4,0,0,0,0,0,1,0,0,1,0,7,6
/home/arpan/Documents/CBMC/libxslt/libxslt/transform.c,xsltValueOf,4465,3,0,0,0,4,0,0,0,0,0,1,0,0,1,0,3,6
/home/arpan/Documents/CBMC/libxslt/libxslt/transform.c,xsltNumber,4579,1,0,0,0,4,3,0,0,0,0,1,0,0,1,0,1,9
/home/arpan/Documents/CBMC/libxslt/libxslt/transform.c,xsltApplyImports,4612,1,0,0,0,4,1,0,0,0,0,1,0,0,1,0,1,7
/home/arpan/Documents/CBMC/libxslt/libxslt/transform.c,xsltCallTemplate,4677,8,0,0,0,4,5,0,0,0,0,1,0,0,2,0,8,12
/home/arpan/Documents/CBMC/libxslt/libxslt/transform.c,xsltApplyTemplates,4780,30,0,0,0,4,2,0,0,0,0,1,0,0,2,0,30,9
/home/arpan/Documents/CBMC/libxslt/libxslt/transform.c,xsltChoose,5180,7,0,0,0,4,0,0,0,0,0,1,0,0,1,0,7,6
/home/arpan/Documents/CBMC/libxslt/libxslt/transform.c,xsltIf,5376,3,0,0,0,4,2,0,0,0,0,1,0,2,1,1,3,11
/home/arpan/Documents/CBMC/libxslt/libxslt/transform.c,xsltForEach,5559,4,0,0,0,4,2,0,0,0,0,1,0,0,1,0,4,8
/home/arpan/Documents/CBMC/libxslt/libxslt/transform.c,xsltGetHTMLIDs,5801,1,0,0,0,3,0,0,0,0,0,1,0,0,1,0,1,5
/home/arpan/Documents/CBMC/libxslt/libxslt/transform.c,xsltApplyStripSpaces,5829,11,1,0,1,2,2,0,0,0,0,1,0,0,0,0,13,5
/home/arpan/Documents/CBMC/libxslt/libxslt/transform.c,xsltCountKeys,5898,3,2,0,1,1,2,0,0,0,0,1,0,0,1,0,6,5
/home/arpan/Documents/CBMC/libxslt/libxslt/transform.c,xsltApplyStylesheetInternal,5949,46,1,0,1,6,34,0,0,0,0,1,0,2,8,4,48,55
/home/arpan/Documents/CBMC/libxslt/libxslt/transform.c,xsltApplyStylesheet,6349,1,0,0,0,3,0,0,0,0,0,0,0,0,0,0,1,3
/home/arpan/Documents/CBMC/libxslt/libxslt/transform.c,xsltProfileStylesheet,6368,1,0,0,0,4,0,0,0,0,0,0,0,0,0,0,1,4
/home/arpan/Documents/CBMC/libxslt/libxslt/transform.c,xsltApplyStylesheetUser,6392,1,0,0,0,6,6,0,0,0,0,0,0,0,0,0,1,12
/home/arpan/Documents/CBMC/libxslt/libxslt/transform.c,xsltRunStylesheetUser,6430,1,0,0,0,8,10,0,0,0,0,1,0,0,2,0,1,21
/home/arpan/Documents/CBMC/libxslt/libxslt/transform.c,xsltRunStylesheet,6491,1,0,0,0,6,0,0,0,0,0,0,0,0,0,0,1,6
/home/arpan/Documents/CBMC/libxslt/libxslt/transform.c,xsltRegisterAllElement,6506,1,0,0,0,1,0,0,0,0,0,0,0,0,0,0,1,1
/home/arpan/Documents/CBMC/libxslt/libxslt/variables.c,xsltCreateRVT,65,2,0,0,0,1,0,0,0,0,0,1,0,1,0,1,2,4
/home/arpan/Documents/CBMC/libxslt/libxslt/variables.c,xsltRegisterTmpRVT,120,2,0,0,0,2,0,0,0,0,0,1,0,0,1,0,2,4
/home/arpan/Documents/CBMC/libxslt/libxslt/variables.c,xsltRegisterLocalRVT,156,4,0,0,0,2,0,0,0,0,0,1,0,0,2,0,4,5
/home/arpan/Documents/CBMC/libxslt/libxslt/variables.c,xsltExtensionInstructionResultFinalize,209,1,1,0,1,1,0,0,0,0,0,1,0,0,2,0,3,4
/home/arpan/Documents/CBMC/libxslt/libxslt/variables.c,xsltExtensionInstructionResultRegister,243,5,1,0,1,2,0,0,0,0,0,1,0,1,3,1,7,8
/home/arpan/Documents/CBMC/libxslt/libxslt/variables.c,xsltReleaseRVT,319,6,0,0,0,2,4,0,0,0,0,1,0,1,1,1,6,10
/home/arpan/Documents/CBMC/libxslt/libxslt/variables.c,xsltRegisterPersistRVT,390,1,0,0,0,2,0,0,0,0,0,1,0,0,1,0,1,4
/home/arpan/Documents/CBMC/libxslt/libxslt/variables.c,xsltFreeRVTs,410,4,3,0,1,1,0,0,0,0,0,1,0,0,1,0,8,3
/home/arpan/Documents/CBMC/libxslt/libxslt/variables.c,xsltNewStackElem,474,2,0,0,0,1,3,0,0,0,0,1,0,1,0,1,2,7
/home/arpan/Documents/CBMC/libxslt/libxslt/variables.c,xsltCopyStackElem,510,1,0,0,0,1,3,0,0,0,0,1,0,0,0,0,1,5
/home/arpan/Documents/CBMC/libxslt/libxslt/variables.c,xsltFreeStackElem,536,4,0,0,0,1,4,0,0,0,0,1,0,2,2,1,4,11
/home/arpan/Documents/CBMC/libxslt/libxslt/variables.c,xsltFreeStackElemList,603,1,1,0,1,1,2,0,0,0,0,1,0,0,0,0,3,4
/home/arpan/Documents/CBMC/libxslt/libxslt/variables.c,xsltStackLookup,627,7,2,0,1,3,2,0,0,0,0,1,0,2,1,2,10,11
/home/arpan/Documents/CBMC/libxslt/libxslt/variables.c,xsltCheckStackElem,696,3,0,0,0,3,1,0,0,0,0,1,0,0,2,0,3,7
/home/arpan/Documents/CBMC/libxslt/libxslt/variables.c,xsltAddStackElem,731,5,1,0,1,2,3,0,0,0,0,1,0,0,1,0,7,7
/home/arpan/Documents/CBMC/libxslt/libxslt/variables.c,xsltAddStackElemList,777,1,0,0,0,2,3,0,0,0,0,0,0,0,0,0,1,5
/home/arpan/Documents/CBMC/libxslt/libxslt/variables.c,xsltEvalVariable,799,52,0,0,0,3,0,0,0,0,0,1,0,0,0,0,52,4
/home/arpan/Documents/CBMC/libxslt/libxslt/variables.c,xsltEvalGlobalVariable,1023,9,0,0,0,2,0,0,0,0,0,1,0,1,1,1,9,6
/home/arpan/Documents/CBMC/libxslt/libxslt/variables.c,xsltEvalGlobalVariables,1237,6,1,0,1,1,9,0,0,0,0,1,0,0,1,0,8,12
/home/arpan/Documents/CBMC/libxslt/libxslt/variables.c,xsltRegisterGlobalVariable,1323,12,0,0,0,7,6,0,0,0,0,1,0,0,5,0,12,19
/home/arpan/Documents/CBMC/libxslt/libxslt/variables.c,xsltProcessUserParamInternal,1416,8,1,0,1,4,10,0,0,0,0,1,0,1,5,3,10,24
/home/arpan/Documents/CBMC/libxslt/libxslt/variables.c,xsltEvalUserParams,1626,2,1,0,1,2,1,0,0,0,0,1,0,0,1,0,4,5
/home/arpan/Documents/CBMC/libxslt/libxslt/variables.c,xsltQuoteUserParams,1656,2,1,0,1,2,1,0,0,0,0,1,0,0,1,0,4,5
/home/arpan/Documents/CBMC/libxslt/libxslt/variables.c,xsltEvalOneUserParam,1691,1,0,0,0,3,1,0,0,0,0,0,0,0,0,0,1,4
/home/arpan/Documents/CBMC/libxslt/libxslt/variables.c,xsltQuoteOneUserParam,1712,1,0,0,0,3,1,0,0,0,0,0,0,0,0,0,1,4
/home/arpan/Documents/CBMC/libxslt/libxslt/variables.c,xsltBuildVariable,1730,1,0,0,0,3,4,0,0,0,0,1,0,0,1,0,1,9
/home/arpan/Documents/CBMC/libxslt/libxslt/variables.c,xsltRegisterVariable,1778,6,0,0,0,4,4,0,0,0,0,1,0,1,0,1,6,11
/home/arpan/Documents/CBMC/libxslt/libxslt/variables.c,xsltGlobalVariableLookup,1838,2,0,0,0,3,2,0,0,0,0,1,0,1,0,1,2,8
/home/arpan/Documents/CBMC/libxslt/libxslt/variables.c,xsltVariableLookup,1885,1,0,0,0,3,3,0,0,0,0,1,0,1,1,1,1,10
/home/arpan/Documents/CBMC/libxslt/libxslt/variables.c,xsltParseStylesheetCallerParam,1927,1,0,0,0,2,0,0,0,0,0,1,0,0,0,0,1,3
/home/arpan/Documents/CBMC/libxslt/libxslt/variables.c,xsltParseGlobalVariable,1989,1,0,0,0,2,3,0,0,0,0,1,0,0,1,0,1,7
/home/arpan/Documents/CBMC/libxslt/libxslt/variables.c,xsltParseGlobalParam,2052,1,0,0,0,2,3,0,0,0,0,1,0,0,1,0,1,7
/home/arpan/Documents/CBMC/libxslt/libxslt/variables.c,xsltParseStylesheetVariable,2114,1,0,0,0,2,3,0,0,0,0,1,0,0,1,0,1,7
/home/arpan/Documents/CBMC/libxslt/libxslt/variables.c,xsltParseStylesheetParam,2156,1,0,0,0,2,3,0,0,0,0,1,0,0,1,0,1,7
/home/arpan/Documents/CBMC/libxslt/libxslt/variables.c,xsltFreeGlobalVariables,2192,1,0,0,0,1,0,0,0,0,0,0,0,0,0,0,1,1
/home/arpan/Documents/CBMC/libxslt/libxslt/variables.c,xsltXPathVariableLookup,2208,13,0,0,0,3,2,0,0,0,0,1,0,2,0,1,13,9
/home/arpan/Documents/CBMC/libxslt/libxslt/xslt.c,xsltParseContentError,125,1,0,0,0,2,0,0,0,0,0,1,0,0,1,0,1,4
/home/arpan/Documents/CBMC/libxslt/libxslt/xslt.c,exclPrefixPush,155,4,1,0,1,2,3,0,0,0,0,1,0,3,0,2,6,11
/home/arpan/Documents/CBMC/libxslt/libxslt/xslt.c,exclPrefixPop,198,1,0,0,0,1,0,0,0,0,0,1,0,2,2,1,1,7
/home/arpan/Documents/CBMC/libxslt/libxslt/xslt.c,xsltInit,229,1,0,0,0,0,1,0,0,0,0,1,0,1,0,1,1,4
/home/arpan/Documents/CBMC/libxslt/libxslt/xslt.c,xsltUninit,245,1,0,0,0,0,0,0,0,0,0,0,0,0,0,0,1,0
/home/arpan/Documents/CBMC/libxslt/libxslt/xslt.c,xsltIsBlank,262,31,1,0,1,1,0,0,0,0,0,1,0,0,1,0,33,3
/home/arpan/Documents/CBMC/libxslt/libxslt/xslt.c,xsltNewDecimalFormat,278,1,0,0,0,1,3,0,0,0,0,1,0,0,0,0,1,5
/home/arpan/Documents/CBMC/libxslt/libxslt/xslt.c,xsltFreeDecimalFormat,305,12,0,0,0,1,2,0,0,0,0,1,0,0,0,0,12,4
/home/arpan/Documents/CBMC/libxslt/libxslt/xslt.c,xsltFreeDecimalFormatList,335,1,1,0,1,1,2,0,0,0,0,1,0,0,1,0,3,5
/home/arpan/Documents/CBMC/libxslt/libxslt/xslt.c,xsltDecimalFormatGetByName,361,1,1,0,1,2,2,0,0,0,0,1,0,0,1,0,3,6
/home/arpan/Documents/CBMC/libxslt/libxslt/xslt.c,xsltNewTemplate,389,1,0,0,0,0,3,0,0,0,0,1,0,0,0,0,1,4
/home/arpan/Documents/CBMC/libxslt/libxslt/xslt.c,xsltFreeTemplate,410,1,0,0,0,1,3,0,0,0,0,1,0,4,5,1,1,15
/home/arpan/Documents/CBMC/libxslt/libxslt/xslt.c,xsltFreeTemplateList,440,1,1,0,1,1,2,0,0,0,0,1,0,0,0,0,3,4
/home/arpan/Documents/CBMC/libxslt/libxslt/xslt.c,xsltNewStylesheet,737,2,0,0,0,0,6,0,0,0,0,1,0,0,0,0,2,7
/home/arpan/Documents/CBMC/libxslt/libxslt/xslt.c,xsltAllocateExtra,788,1,0,0,0,1,0,0,0,0,0,0,0,0,0,0,1,1
/home/arpan/Documents/CBMC/libxslt/libxslt/xslt.c,xsltAllocateExtraCtxt,804,6,0,0,0,1,3,0,0,0,0,1,0,1,0,1,6,7
/home/arpan/Documents/CBMC/libxslt/libxslt/xslt.c,xsltFreeStylesheetList,854,1,1,0,1,1,2,0,0,0,0,1,0,0,0,0,3,4
/home/arpan/Documents/CBMC/libxslt/libxslt/xslt.c,xsltCleanupStylesheetTree,876,1,0,0,0,1,0,0,0,0,0,0,0,0,0,0,1,1
/home/arpan/Documents/CBMC/libxslt/libxslt/xslt.c,xsltFreeStylesheet,931,1,0,0,0,1,20,0,0,0,0,1,0,1,13,1,1,37
/home/arpan/Documents/CBMC/libxslt/libxslt/xslt.c,xsltGetInheritedNsList,1064,14,1,0,1,3,0,0,0,0,0,1,0,1,1,1,16,7
/home/arpan/Documents/CBMC/libxslt/libxslt/xslt.c,xsltParseStylesheetOutput,1159,27,0,0,0,2,5,0,0,0,0,1,0,0,1,0,27,9
/home/arpan/Documents/CBMC/libxslt/libxslt/xslt.c,xsltParseStylesheetDecimalFormat,1376,17,0,0,0,2,4,0,0,0,0,1,0,0,1,0,17,8
/home/arpan/Documents/CBMC/libxslt/libxslt/xslt.c,xsltParseStylesheetPreserveSpace,1484,5,1,0,1,2,3,0,0,0,0,1,0,0,3,0,7,9
/home/arpan/Documents/CBMC/libxslt/libxslt/xslt.c,xsltParseStylesheetExtPrefix,1557,5,1,0,1,3,0,0,0,0,0,1,0,1,1,1,7,7
/home/arpan/Documents/CBMC/libxslt/libxslt/xslt.c,xsltParseStylesheetStripSpace,1623,5,1,0,1,2,3,0,0,0,0,1,0,0,3,0,7,9
/home/arpan/Documents/CBMC/libxslt/libxslt/xslt.c,xsltParseStylesheetExcludePrefix,1693,6,1,0,1,3,0,0,0,0,0,1,0,0,1,0,8,5
/home/arpan/Documents/CBMC/libxslt/libxslt/xslt.c,xsltPrecomputeStylesheet,3427,31,1,0,1,2,5,0,0,0,0,1,0,0,2,0,33,10
/home/arpan/Documents/CBMC/libxslt/libxslt/xslt.c,xsltGatherNamespaces,3637,15,1,0,1,1,1,0,0,0,0,1,0,0,1,0,17,4
/home/arpan/Documents/CBMC/libxslt/libxslt/xslt.c,xsltParseTemplateContent,4841,31,3,0,1,2,0,0,0,0,0,1,0,0,1,0,35,4
/home/arpan/Documents/CBMC/libxslt/libxslt/xslt.c,xsltParseStylesheetKey,5059,6,0,0,0,2,2,0,0,0,0,1,0,0,1,0,6,6
/home/arpan/Documents/CBMC/libxslt/libxslt/xslt.c,xsltParseStylesheetTemplate,5311,10,0,0,0,2,7,0,0,0,0,1,0,0,2,0,10,12
/home/arpan/Documents/CBMC/libxslt/libxslt/xslt.c,xsltParseStylesheetTop,6052,33,2,0,1,2,0,0,0,0,0,1,0,0,1,0,36,4
/home/arpan/Documents/CBMC/libxslt/libxslt/xslt.c,xsltParseStylesheetProcess,6387,4,0,0,0,2,2,0,0,0,0,1,0,2,1,1,4,9
/home/arpan/Documents/CBMC/libxslt/libxslt/xslt.c,xsltParseStylesheetImportedDoc,6494,3,0,0,0,2,8,0,0,0,0,1,0,0,0,0,3,11
/home/arpan/Documents/CBMC/libxslt/libxslt/xslt.c,xsltParseStylesheetDoc,6675,1,0,0,0,1,3,0,0,0,0,0,0,0,0,0,1,4
/home/arpan/Documents/CBMC/libxslt/libxslt/xslt.c,xsltParseStylesheetFile,6709,2,0,0,0,1,4,0,0,0,0,1,0,0,0,0,2,6
/home/arpan/Documents/CBMC/libxslt/libxslt/xslt.c,xsltParseStylesheetPI,6780,7104,1,0,1,1,0,0,0,0,0,1,0,1,0,1,7106,4
/home/arpan/Documents/CBMC/libxslt/libxslt/xslt.c,xsltLoadStylesheetPI,6870,10,1,0,1,1,5,0,0,0,0,1,0,0,0,0,12,7
/home/arpan/Documents/CBMC/libxslt/libxslt/xsltlocale.c,xsltFreeLocales,75,1,0,0,0,0,0,0,0,0,0,0,0,0,0,0,1,0
/home/arpan/Documents/CBMC/libxslt/libxslt/xsltlocale.c,xsltNewLocale,94,1,0,0,0,1,0,0,0,0,0,0,0,0,0,0,1,1
/home/arpan/Documents/CBMC/libxslt/libxslt/xsltlocale.c,xsltDefaultRegion,210,100,0,0,0,1,0,0,0,0,0,1,0,0,0,0,100,2
/home/arpan/Documents/CBMC/libxslt/libxslt/xsltlocale.c,xsltFreeLocale,354,1,0,0,0,1,0,0,0,0,0,0,0,0,0,0,1,1
/home/arpan/Documents/CBMC/libxslt/libxslt/xsltlocale.c,xsltStrxfrm,371,1,0,0,0,2,0,0,0,0,0,0,0,0,0,0,1,2
/home/arpan/Documents/CBMC/libxslt/libxslt/xsltlocale.c,xsltLocaleStrcmp,434,1,0,0,0,3,3,0,0,0,0,0,0,0,0,0,1,6
/home/arpan/Documents/CBMC/libxslt/libxslt/xsltutils.c,xsltGetCNsProp,83,5,1,0,1,4,1,0,0,0,0,1,0,0,1,0,7,7
/home/arpan/Documents/CBMC/libxslt/libxslt/xsltutils.c,xsltGetNsProp,173,4,1,0,1,3,1,0,0,0,0,1,0,0,1,0,6,6
/home/arpan/Documents/CBMC/libxslt/libxslt/xsltutils.c,xsltGetUTF8Char,258,11,0,0,0,2,0,0,0,0,0,1,0,1,3,2,11,9
/home/arpan/Documents/CBMC/libxslt/libxslt/xsltutils.c,xsltMessage,439,4,0,0,0,3,2,0,0,0,0,1,0,1,2,1,4,10
/home/arpan/Documents/CBMC/libxslt/libxslt/xsltutils.c,xsltGenericErrorDefaultFunc,523,1,0,0,0,1,0,0,0,0,0,1,0,0,1,0,1,3
/home/arpan/Documents/CBMC/libxslt/libxslt/xsltutils.c,xsltSetGenericErrorFunc,552,1,0,0,0,2,0,0,0,0,0,1,0,0,1,0,1,4
/home/arpan/Documents/CBMC/libxslt/libxslt/xsltutils.c,xsltGenericDebugDefaultFunc,569,1,0,0,0,1,0,0,0,0,0,1,0,0,1,0,1,3
/home/arpan/Documents/CBMC/libxslt/libxslt/xsltutils.c,xsltSetGenericDebugFunc,598,1,0,0,0,2,0,0,0,0,0,1,0,0,1,0,1,4
/home/arpan/Documents/CBMC/libxslt/libxslt/xsltutils.c,xsltPrintErrorContext,615,10,0,0,0,3,5,0,0,0,0,1,0,0,1,0,10,10
/home/arpan/Documents/CBMC/libxslt/libxslt/xsltutils.c,xsltSetTransformErrorFunc,690,1,0,0,0,3,0,0,0,0,0,0,0,0,0,0,1,3
/home/arpan/Documents/CBMC/libxslt/libxslt/xsltutils.c,xsltTransformError,709,67,0,0,0,4,8,0,0,0,0,1,0,0,2,0,67,15
/home/arpan/Documents/CBMC/libxslt/libxslt/xsltutils.c,xsltSplitQName,750,2,1,0,1,3,2,0,0,0,0,1,0,2,2,1,4,11
/home/arpan/Documents/CBMC/libxslt/libxslt/xsltutils.c,xsltGetQNameURI,783,1,1,0,1,2,0,0,0,0,0,1,0,0,0,0,3,3
/home/arpan/Documents/CBMC/libxslt/libxslt/xsltutils.c,xsltGetQNameURI2,857,2,1,0,1,3,3,0,0,0,0,1,0,0,0,0,4,7
/home/arpan/Documents/CBMC/libxslt/libxslt/xsltutils.c,xsltDocumentSortFunction,933,3,1,0,1,1,3,0,0,0,0,1,0,2,2,2,5,11
/home/arpan/Documents/CBMC/libxslt/libxslt/xsltutils.c,xsltComputeSortResult,967,6,1,0,1,2,2,0,0,0,0,1,0,1,0,2,8,8
/home/arpan/Documents/CBMC/libxslt/libxslt/xsltutils.c,xsltDefaultSortFunction,1094,45,3,0,1,3,2,0,0,0,0,1,0,2,5,3,49,16
/home/arpan/Documents/CBMC/libxslt/libxslt/xsltutils.c,xsltDoSortFunction,1360,2,0,0,0,3,3,0,0,0,0,1,0,0,0,0,2,7
/home/arpan/Documents/CBMC/libxslt/libxslt/xsltutils.c,xsltSetSortFunc,1377,1,0,0,0,1,0,0,0,0,0,1,0,0,1,0,1,3
/home/arpan/Documents/CBMC/libxslt/libxslt/xsltutils.c,xsltSetCtxtSortFunc,1395,1,0,0,0,2,0,0,0,0,0,0,0,0,0,0,1,2
/home/arpan/Documents/CBMC/libxslt/libxslt/xsltutils.c,xsltSetCtxtParseOptions,1416,1,0,0,0,2,0,0,0,0,0,1,0,0,2,0,1,5
/home/arpan/Documents/CBMC/libxslt/libxslt/xsltutils.c,xsltSaveResultTo,1451,37,0,0,0,3,9,0,0,0,0,1,0,0,2,0,37,15
/home/arpan/Documents/CBMC/libxslt/libxslt/xsltutils.c,xsltSaveResultToFilename,1617,3,0,0,0,4,2,0,0,0,0,1,0,0,3,0,3,10
/home/arpan/Documents/CBMC/libxslt/libxslt/xsltutils.c,xsltSaveResultToFile,1661,3,0,0,0,3,2,0,0,0,0,1,0,0,3,0,3,9
/home/arpan/Documents/CBMC/libxslt/libxslt/xsltutils.c,xsltSaveResultToFd,1705,3,0,0,0,3,2,0,0,0,0,1,0,0,3,0,3,9
/home/arpan/Documents/CBMC/libxslt/libxslt/xsltutils.c,xsltSaveResultToString,1748,3,0,0,0,4,2,0,0,0,0,1,0,0,2,0,3,9
/home/arpan/Documents/CBMC/libxslt/libxslt/xsltutils.c,xsltCalibrateTimestamps,1812,1,1,0,1,0,1,0,0,0,0,1,0,1,0,1,3,4
/home/arpan/Documents/CBMC/libxslt/libxslt/xsltutils.c,xsltCalibrateAdjust,1827,1,0,0,0,1,0,0,0,0,0,0,0,0,0,0,1,1
/home/arpan/Documents/CBMC/libxslt/libxslt/xsltutils.c,xsltTimestamp,1840,1,0,0,0,0,0,0,0,0,0,0,0,0,0,0,1,0
/home/arpan/Documents/CBMC/libxslt/libxslt/xsltutils.c,pretty_templ_match,1929,6,1,0,1,1,0,0,0,0,0,1,0,2,0,4,8,8
/home/arpan/Documents/CBMC/libxslt/libxslt/xsltutils.c,xsltSaveProfiling,1962,33,6,0,1,2,27,1,1,1,0,1,0,5,4,3,40,45
/home/arpan/Documents/CBMC/libxslt/libxslt/xsltutils.c,xsltGetProfileInformation,2182,9,3,0,1,1,9,0,0,0,0,1,0,2,0,2,13,15
/home/arpan/Documents/CBMC/libxslt/libxslt/xsltutils.c,xsltXPathCompileFlags,2287,1,0,0,0,3,0,0,0,0,0,1,0,0,0,0,1,4
/home/arpan/Documents/CBMC/libxslt/libxslt/xsltutils.c,xsltXPathCompile,2352,1,0,0,0,2,1,0,0,0,0,0,0,0,0,0,1,3
/home/arpan/Documents/CBMC/libxslt/libxslt/xsltutils.c,xsltSetDebuggerStatus,2391,1,0,0,0,1,0,0,0,0,0,0,0,0,0,0,1,1
/home/arpan/Documents/CBMC/libxslt/libxslt/xsltutils.c,xsltGetDebuggerStatus,2404,1,0,0,0,0,0,0,0,0,0,0,0,0,0,0,1,0
/home/arpan/Documents/CBMC/libxslt/libxslt/xsltutils.c,xsltSetDebuggerCallbacks,2421,1,0,0,0,2,0,0,0,0,0,1,0,0,1,0,1,4
/home/arpan/Documents/CBMC/libxslt/libxslt/xsltutils.c,xslHandleDebugger,2447,1,0,0,0,4,3,0,0,0,0,1,0,0,1,0,1,9
/home/arpan/Documents/CBMC/libxslt/libxslt/xsltutils.c,xslAddCall,2464,1,0,0,0,2,2,0,0,0,0,1,0,0,1,0,1,6
/home/arpan/Documents/CBMC/libxslt/libxslt/xsltutils.c,xslDropCall,2477,1,0,0,0,0,1,0,0,0,0,1,0,0,1,0,1,3
/home/arpan/Documents/CBMC/libxslt/python/libxslt.c,libxslt_xsltStylesheetPtrWrap,48,1,0,0,0,1,0,0,0,0,0,1,0,0,0,0,1,2
/home/arpan/Documents/CBMC/libxslt/python/libxslt.c,libxslt_xsltTransformContextPtrWrap,65,1,0,0,0,1,0,0,0,0,0,1,0,0,0,0,1,2
/home/arpan/Documents/CBMC/libxslt/python/libxslt.c,libxslt_xsltElemPreCompPtrWrap,81,1,0,0,0,1,0,0,0,0,0,1,0,0,0,0,1,2
/home/arpan/Documents/CBMC/libxslt/python/libxslt.c,libxslt_xsltGetTransformContextHashCode,97,1,0,0,0,1,0,0,0,0,0,0,0,0,0,0,1,1
/home/arpan/Documents/CBMC/libxslt/python/libxslt.c,libxslt_xsltCompareTransformContextsEqual,115,1,0,0,0,1,1,0,0,0,0,1,0,1,1,2,1,7
/home/arpan/Documents/CBMC/libxslt/python/libxslt.c,libxslt_xsltGetStylesheetHashCode,134,1,0,0,0,1,0,0,0,0,0,0,0,0,0,0,1,1
/home/arpan/Documents/CBMC/libxslt/python/libxslt.c,libxslt_xsltCompareStylesheetsEqual,153,1,0,0,0,1,1,0,0,0,0,1,0,1,1,2,1,7
/home/arpan/Documents/CBMC/libxslt/python/libxslt.c,deallocateCallback,182,1,0,0,0,2,0,0,0,0,0,0,0,0,0,0,1,2
/home/arpan/Documents/CBMC/libxslt/python/libxslt.c,deallocateClasse,193,1,0,0,0,2,0,0,0,0,0,0,0,0,0,0,1,2
/home/arpan/Documents/CBMC/libxslt/python/libxslt.c,libxslt_xsltElementPreCompCallback,212,5,0,0,0,3,3,0,0,0,0,1,0,0,0,0,5,7
/home/arpan/Documents/CBMC/libxslt/python/libxslt.c,libxslt_xsltElementTransformCallback,297,1,0,0,0,4,1,0,0,0,0,1,0,0,1,0,1,7
/home/arpan/Documents/CBMC/libxslt/python/libxslt.c,libxslt_xsltRegisterExtModuleElement,350,1,0,0,0,1,1,0,0,0,0,1,0,2,2,1,1,8
/home/arpan/Documents/CBMC/libxslt/python/libxslt.c,libxslt_xmlXPathFuncCallback,411,1,1,0,1,2,1,0,0,0,0,1,0,1,2,1,3,8
/home/arpan/Documents/CBMC/libxslt/python/libxslt.c,libxslt_xsltRegisterExtModuleFunction,463,1,0,0,0,1,1,0,0,0,0,1,0,1,1,1,1,6
/home/arpan/Documents/CBMC/libxslt/python/libxslt.c,pythonDocLoaderFuncWrapper,514,5,0,0,0,4,2,0,0,0,0,1,0,0,0,0,5,7
/home/arpan/Documents/CBMC/libxslt/python/libxslt.c,libxslt_xsltSetLoaderFunc,590,1,0,0,0,1,1,0,0,0,0,0,0,0,0,0,1,2
/home/arpan/Documents/CBMC/libxslt/python/libxslt.c,libxslt_xsltGetLoaderFunc,606,1,0,0,0,0,0,0,0,0,0,0,0,0,0,0,1,0
/home/arpan/Documents/CBMC/libxslt/python/libxslt.c,libxslt_xsltNewTransformContext,621,1,0,0,0,1,3,0,0,0,0,0,0,0,0,0,1,4
/home/arpan/Documents/CBMC/libxslt/python/libxslt.c,libxslt_xsltFreeTransformContext,642,1,0,0,0,1,2,0,0,0,0,0,0,0,0,0,1,3
/home/arpan/Documents/CBMC/libxslt/python/libxslt.c,libxslt_xsltApplyStylesheetUser,658,9,0,0,0,1,9,1,1,1,0,1,0,0,0,0,9,14
/home/arpan/Documents/CBMC/libxslt/python/libxslt.c,libxslt_xsltApplyStylesheet,735,9,0,0,0,1,12,0,0,0,0,1,0,0,0,0,9,14
/home/arpan/Documents/CBMC/libxslt/python/libxslt.c,libxslt_xsltSaveResultToString,810,1,0,0,0,1,0,0,0,0,0,1,0,1,2,1,1,6
/home/arpan/Documents/CBMC/libxslt/python/libxslt.c,libxslt_xsltErrorFuncHandler,861,7,0,0,0,1,4,0,0,0,0,1,0,0,0,0,7,6
/home/arpan/Documents/CBMC/libxslt/python/libxslt.c,libxslt_xsltErrorInitialize,918,1,0,0,0,0,0,0,0,0,0,0,0,0,0,0,1,0
/home/arpan/Documents/CBMC/libxslt/python/libxslt.c,libxslt_xsltRegisterErrorHandler,928,1,0,0,0,1,1,0,0,0,0,1,0,0,0,0,1,3
/home/arpan/Documents/CBMC/libxslt/python/libxslt.c,libxslt_xsltPythonExtModuleStyleInit,972,1,0,0,0,2,2,0,0,0,0,1,0,0,0,0,1,5
/home/arpan/Documents/CBMC/libxslt/python/libxslt.c,libxslt_xsltPythonExtModuleStyleShutdown,1001,1,0,0,0,3,2,0,0,0,0,1,0,0,1,0,1,7
/home/arpan/Documents/CBMC/libxslt/python/libxslt.c,libxslt_xsltPythonExtModuleCtxtInit,1033,1,0,0,0,2,2,0,0,0,0,1,0,0,0,0,1,5
/home/arpan/Documents/CBMC/libxslt/python/libxslt.c,libxslt_xsltPythonExtModuleCtxtShutdown,1063,1,0,0,0,3,2,0,0,0,0,1,0,0,1,0,1,7
/home/arpan/Documents/CBMC/libxslt/python/libxslt.c,libxslt_xsltRegisterExtensionClass,1095,1,0,0,0,1,1,0,0,0,0,1,0,2,1,1,1,7
/home/arpan/Documents/CBMC/libxslt/python/libxslt.c,libxslt_xsltPythonCleanup,1147,1,0,0,0,1,2,0,0,0,0,1,0,0,0,0,1,4
/home/arpan/Documents/CBMC/libxslt/python/libxslt.c,initlibxsltmod,1181,1,0,0,0,0,3,0,0,0,0,1,0,1,1,1,1,7
/home/arpan/Documents/CBMC/libxslt/python/types.c,libxml_intWrap,17,1,0,0,0,1,0,0,0,0,0,0,0,0,0,0,1,1
/home/arpan/Documents/CBMC/libxslt/python/types.c,libxml_longWrap,29,1,0,0,0,1,0,0,0,0,0,0,0,0,0,0,1,1
/home/arpan/Documents/CBMC/libxslt/python/types.c,libxml_doubleWrap,41,1,0,0,0,1,0,0,0,0,0,0,0,0,0,0,1,1
/home/arpan/Documents/CBMC/libxslt/python/types.c,libxml_charPtrWrap,53,1,0,0,0,1,2,0,0,0,0,1,0,0,0,0,1,4
/home/arpan/Documents/CBMC/libxslt/python/types.c,libxml_charPtrConstWrap,71,1,0,0,0,1,0,0,0,0,0,1,0,0,0,0,1,2
/home/arpan/Documents/CBMC/libxslt/python/types.c,libxml_xmlCharPtrWrap,88,1,0,0,0,1,1,0,0,0,0,1,0,0,0,0,1,3
/home/arpan/Documents/CBMC/libxslt/python/types.c,libxml_xmlCharPtrConstWrap,106,1,0,0,0,1,0,0,0,0,0,1,0,0,0,0,1,2
/home/arpan/Documents/CBMC/libxslt/python/types.c,libxml_constcharPtrWrap,123,1,0,0,0,1,0,0,0,0,0,1,0,0,0,0,1,2
/home/arpan/Documents/CBMC/libxslt/python/types.c,libxml_constxmlCharPtrWrap,140,1,0,0,0,1,0,0,0,0,0,1,0,0,0,0,1,2
/home/arpan/Documents/CBMC/libxslt/python/types.c,libxml_xmlDocPtrWrap,157,1,0,0,0,1,0,0,0,0,0,1,0,0,0,0,1,2
/home/arpan/Documents/CBMC/libxslt/python/types.c,libxml_xmlNodePtrWrap,176,1,0,0,0,1,0,0,0,0,0,1,0,0,0,0,1,2
/home/arpan/Documents/CBMC/libxslt/python/types.c,libxml_xmlURIPtrWrap,194,1,0,0,0,1,0,0,0,0,0,1,0,0,0,0,1,2
/home/arpan/Documents/CBMC/libxslt/python/types.c,libxml_xmlNsPtrWrap,212,1,0,0,0,1,0,0,0,0,0,1,0,0,0,0,1,2
/home/arpan/Documents/CBMC/libxslt/python/types.c,libxml_xmlAttrPtrWrap,230,1,0,0,0,1,0,0,0,0,0,1,0,0,0,0,1,2
/home/arpan/Documents/CBMC/libxslt/python/types.c,libxml_xmlAttributePtrWrap,248,1,0,0,0,1,0,0,0,0,0,1,0,0,0,0,1,2
/home/arpan/Documents/CBMC/libxslt/python/types.c,libxml_xmlElementPtrWrap,266,1,0,0,0,1,0,0,0,0,0,1,0,0,0,0,1,2
/home/arpan/Documents/CBMC/libxslt/python/types.c,libxml_xmlXPathContextPtrWrap,284,1,0,0,0,1,0,0,0,0,0,1,0,0,0,0,1,2
/home/arpan/Documents/CBMC/libxslt/python/types.c,libxml_xmlXPathParserContextPtrWrap,302,1,0,0,0,1,0,0,0,0,0,1,0,0,0,0,1,2
/home/arpan/Documents/CBMC/libxslt/python/types.c,libxml_xmlParserCtxtPtrWrap,320,1,0,0,0,1,0,0,0,0,0,1,0,0,0,0,1,2
/home/arpan/Documents/CBMC/libxslt/python/types.c,libxml_xmlXPathDestructNsNode,348,1,0,0,0,2,0,0,0,0,0,0,0,0,0,0,1,2
/home/arpan/Documents/CBMC/libxslt/python/types.c,libxml_xmlXPathObjectPtrWrap,356,8,0,0,0,1,1,0,0,0,0,1,0,0,0,0,8,3
/home/arpan/Documents/CBMC/libxslt/python/types.c,libxml_xmlXPathObjectPtrConvert,443,1,0,0,0,1,0,0,0,0,0,1,0,0,0,0,1,2
/home/arpan/Documents/CBMC/libxslt/python/types.c,libxml_xmlCatalogPtrWrap,533,1,0,0,0,1,0,0,0,0,0,1,0,0,0,0,1,2
/home/arpan/Documents/CBMC/libxslt/python/types.c,libxml_xmlOutputBufferPtrWrap,551,1,0,0,0,1,0,0,0,0,0,1,0,0,0,0,1,2
/home/arpan/Documents/CBMC/libxslt/python/types.c,libxml_xmlParserInputBufferPtrWrap,569,1,0,0,0,1,0,0,0,0,0,1,0,0,0,0,1,2
/home/arpan/Documents/CBMC/libxslt/python/types.c,libxml_xmlRegexpPtrWrap,587,1,0,0,0,1,0,0,0,0,0,1,0,0,0,0,1,2
/home/arpan/Documents/CBMC/libxslt/xsltproc/testThreads.c,main,268,1,0,0,0,0,2,0,0,0,0,0,0,0,0,0,1,2
/home/arpan/Documents/CBMC/libxslt/xsltproc/xsltproc.c,parsePath,111,10,1,0,1,1,3,0,0,0,0,1,0,0,1,0,12,6
/home/arpan/Documents/CBMC/libxslt/xsltproc/xsltproc.c,xsltprocExternalEntityLoader,139,12,1,0,1,3,5,2,2,1,0,1,0,2,0,2,14,18
/home/arpan/Documents/CBMC/libxslt/xsltproc/xsltproc.c,startTimer,307,1,0,0,0,0,0,0,0,0,0,0,0,0,0,0,1,0
/home/arpan/Documents/CBMC/libxslt/xsltproc/xsltproc.c,endTimer,313,1,0,0,0,1,0,0,0,0,0,0,0,0,0,0,1,1
/home/arpan/Documents/CBMC/libxslt/xsltproc/xsltproc.c,xsltSubtreeCheck,337,1,0,0,0,1,0,0,0,0,0,1,0,1,3,1,1,7
/home/arpan/Documents/CBMC/libxslt/xsltproc/xsltproc.c,xsltProcess,355,23,0,0,0,3,14,0,0,0,0,1,0,1,1,1,23,21
/home/arpan/Documents/CBMC/libxslt/xsltproc/xsltproc.c,usage,499,1,0,0,0,1,4,0,0,0,0,0,0,0,0,0,1,5
/home/arpan/Documents/CBMC/libxslt/xsltproc/xsltproc.c,main,547,98,3,0,1,2,37,0,0,0,0,1,0,3,1,3,102,47
